"IRSZ","CíMHELY NEVE","JELLEGE","VÁROSRÉSZ","1.SZÁM","1.JEL","2.SZÁM","2.JEL"
3531,"Aba                    ","utca",,0,,0,
3519,"Abaúji                 ","utca",,0,,0,
3532,"Acél                   ","utca",,0,,0,
3508,"Áchim András           ","utca",,0,,0,
3516,"Ács                    ","utca",,0,,0,
3524,"Adler Károly           ","utca",,0,,0,
3519,"Adriányi","utca","Tapolca",0,,0,
3527,"Ady Endre              ","utca",,0,,0,
3529,"Áfonyás                ","utca",,0,,0,
3501,"Ágazat",,,0,,0,
3526,"Aggteleki              ","utca",,0,,0,
3516,"Ághegy","hegy",,0,,0,
3510,"Akác","út","Lyukó",0,,0,
3510,"Akácos","út","Lyukó",0,,0,
3521,"Akácos                 ","utca       ","Szirma",0,,0,
3518,"Akna                   ","utca       ","Pereces",0,,0,
3534,"Aknász                 ","utca",,0,,0,
3525,"Akó                    ","utca",,0,,0,
3534,"Ákos                   ","utca",,0,,0,
3528,"Alföldi                ","utca",,0,,0,
3534,"Alkotás                ","utca",,0,,0,
3528,"Alkotmány              ","utca",,0,,0,
3516,"Állami Gazdaság        ","tanya",,0,,0,
3518,"Állomás                ","tér      ","Pereces",0,,0,
3526,"Állomás                ","utca",,0,,0,
3510,"Alma","út","Pereces",0,,0,
3534,"Almás ","utca",,0,,0,
3508,"Almáskert              ","utca",,0,,0,
3526,"Álmos                  ","utca",,0,,0,
3530,"Alsó                   ","sor",,0,,0,
3535,"Alsópapírgyár         ","utca",,0,,0,
3501,"Alsóruzsin",,,0,,0,
3501,"Alsószentgyörgy",,,0,,0,
3533,"Alsószinva             ","utca",,0,,0,
3532,"Andor                  ","utca",,0,,0,
3532,"Andrássy Gyula         ","utca",,0,,0,
3525,"Anna                   ","utca",,0,,0,
3532,"Annabánya              ","telep",,0,,0,
3529,"Apáczai Csere János    ","utca",,0,,0,
3519,"Apát                   ","utca",,0,,0,
3516,"Apátsági               ","út       ","Görömböly",0,,0,
3519,"Aradi                  ","sétány   ","Tapolca",0,,0,
3519,"Aradi                  ","utca       ","Tapolca",0,,0,
3526,"Arany János            ","tér",,0,,0,
3530,"Arany János            ","utca",,0,,0,
3519,"Aranyeső","utca","Tapolca",0,,0,
3530,"Arnóti                 ","sor",,0,,0,
3535,"Árnyas                 ","utca",,0,,0,
3525,"Árok                   ","utca",,0,,0,
3535,"Árpád                  ","út",,0,,0,
3510,"Árvácska","út","Pereces",0,,0,
3521,"Árvácska               ","utca       ","Szirma",0,,0,
3533,"Árvíz                  ","utca",,0,,0,
3516,"Asztalos               ","utca       ","Görömböly",0,,0,
3525,"Attila                 ","utca",,0,,0,
3527,"Augusztus 20.          ","utca",,0,,0,
3529,"Aulich Lajos           ","utca",,0,,0,
3532,"Avar                   ","utca",,0,,0,
3530,"Avasalja               ","utca",,-3,,0,
3531,"Avasalja               ","utca",,69,,111,
3528,"Babér                  ","utca",,0,,0,
3521,"Babits Mihály          ","utca       ","Szirma",0,,0,
3525,"Bábonyibérc            ","dűlő",,0,,0,
3525,"Bábonyibérc            ","hegy",,0,,0,
3525,"Bábonyibérc            ","sor",,0,,0,
3525,"Bábonyibérc            ","telep",,0,,0,
3530,"Bábonyibérc Felsősor      ","sor",,0,,0,
3525,"Bábonyibérc újtelep","telep",,0,,0,
3516,"Bacsinszky András      ","utca       ","Görömböly",0,,0,
3516,"Bádogos                ","utca       ","Görömböly",0,,0,
3519,"Baghy Gyula            ","utca       ","Tapolca",0,,0,
3519,"Bagoly                 ","utca       ","Tapolca",0,,0,
3527,"Bajcsy-Zsilinszky      ","út",,-1,,0,
3527,"Bajcsy-Zsilinszky      ","út",,-3,,0,
3530,"Bajcsy-Zsilinszky      ","út",,2,,26,
3528,"Bajza József           ","utca",,0,,0,
3519,"Bakonyi                ","utca       ","Tapolca",0,,0,
3528,"Balassa Bálint         ","utca",,0,,0,
3528,"Balaton                ","utca",,0,,0,
3525,"Balázsdiák             ","utca",,0,,0,
3534,"Bálint                 ","utca",,0,,0,
3533,"Ballagi Károly         ","utca",,0,,0,
3508,"Ballassi Bálint        ","utca",,0,,0,
3529,"Balogh Ádám            ","utca",,0,,0,
3534,"Bánát                  ","utca",,0,,0,
3501,"Bandzsalgó             ","dűlő",,0,,0,
3535,"Bánfolyás              ","utca",,0,,0,
3535,"Bánki Donát            ","utca",,0,,0,
3518,"Bánya                  ","utca       ","Pereces",0,,0,
3534,"Bányamécs              ","utca",,0,,0,
3519,"Barabits Fülöp         ","sétány   ","Tapolca",0,,0,
3521,"Barát                  ","utca",,0,,0,
3535,"Baráthegyalja          ","utca",,0,,0,
3518,"Barátság               ","tér      ","Pereces",0,,0,
3508,"Bárczay                ","utca",,0,,0,
3531,"Barcsay Ábrahám        ","utca",,0,,0,
3528,"Barkóczy Ferenc        ","utca",,0,,0,
3519,"Barlang                ","utca       ","Tapolca",0,,0,
3527,"Baross Gábor           ","út",,0,,0,
3531,"Bársony János          ","utca",,0,,0,
3519,"Bártfai                ","utca       ","Tapolca",0,,0,
3530,"Bartók Béla            ","tér",,0,,0,
3535,"Bartók Béla            ","utca",,0,,0,
3533,"Báthori                ","sor",,0,,0,
3531,"Báthori István         ","utca",,0,,0,
3535,"Batsányi János         ","utca",,0,,0,
3533,"Batthyány              ","sor",,0,,0,
3525,"Batthyány Lajos        ","utca",,0,,0,
3525,"Bedeghvölgy            ","utca",,0,,0,
3525,"Bedegvölgy             ","dűlő",,0,,0,
3535,"Béke                   ","utca",,0,,0,
3535,"Békés                  ","utca",,0,,0,
3531,"Békeszálló             ","telep",,0,,0,
3531,"Béla                   ","utca",,0,,0,
3518,"Bellervölgy","utca","Pereces",0,,0,
3529,"Bem József             ","utca",,0,,0,
3519,"Bencés                 ","utca",,0,,0,
3519,"Bencések               ","útja     ","Tapolca",0,,0,
3521,"Benczúr Gyula          ","utca       ","Szirma",0,,0,
3534,"Benedek Elek           ","utca",,0,,0,
3508,"Benedekalja            ","utca",,0,,0,
3508,"Beniczky Lajos         ","utca",,0,,0,
3529,"Benke József           ","utca",,0,,0,
3528,"Benkő Sámuel           ","utca",,0,,0,
3525,"Bércalja               ","utca",,0,,0,
3531,"Bercsényi Miklós       ","utca",,0,,0,
3519,"Beregi                 ","utca       ","Tapolca",0,,0,
3535,"Berekalja              ","utca",,0,,0,
3521,"Berekkert              ","utca",,0,,0,
3528,"Berettyó               ","utca",,0,,0,
3535,"Berkenye               ","utca",,0,,0,
3534,"Bertalan               ","utca",,0,,0,
3528,"Berzsenyi Dániel       ","utca",,0,,0,
3527,"Besenyői               ","utca",,0,,0,
3526,"Bethlen Gábor          ","utca",,0,,0,
3529,"Bezerédi István        ","utca",,0,,0,
3530,"Bihari János           ","utca",,0,,0,
3518,"Bimbó                  ","utca       ","Pereces",0,,0,
3532,"Bíró                   ","utca",,0,,0,
3516,"Bizony Ákos            ","utca",,0,,0,
3534,"Blaha Lujza            ","utca",,0,,0,
3526,"Blaskovics László      ","utca",,0,,0,
3529,"Bocskai István         ","utca",,0,,0,
3531,"Bodó                   ","sor",,0,,0,
3528,"Bodrog                 ","utca",,0,,0,
3534,"Bodrogi Zsigmond       ","utca",,0,,0,
3518,"Bodza                  ","utca       ","Pereces",0,,0,
3521,"Bogáncs                ","utca       ","Szirma",0,,0,
3508,"Boglárka               ","utca",,0,,0,
3508,"Bognár                 ","utca       ","Görömböly",0,,0,
3532,"Bokréta                ","utca",,0,,0,
3519,"Bokros                 ","utca       ","Tapolca",0,,0,
3534,"Boldog                 ","utca",,0,,0,
3527,"Boldva                 ","utca",,0,,0,
3518,"Bollóalja              ","utca","Pereces",0,,0,
3533,"Bólyai Farkas          ","utca",,0,,0,
3527,"Bólyai János           ","utca",,0,,0,
3516,"Borbély                ","utca",,0,,0,
3528,"Bornemissza Gergely    ","utca",,0,,0,
3534,"Boróka                 ","utca",,0,,0,
3525,"Borostyán              ","utca",,0,,0,
3530,"Bors vezér             ","utca",,0,,0,
3526,"Botond                 ","utca",,0,,0,
3529,"Bottyán János          ","utca",,0,,0,
3535,"Bölcs                  ","utca",,0,,0,
3532,"Böngér                 ","utca",,0,,0,
3525,"Börzsöny               ","utca",,0,,0,
3519,"Branyiszkó             ","utca       ","Tapolca",0,,0,
3519,"Brassói                ","utca       ","Tapolca",0,,0,
3532,"Brigád                 ","utca",,0,,0,
3535,"Bródy Sándor           ","utca",,0,,0,
3501,"Bruckner               ","tanya",,0,,0,
3525,"Bruckner Győző         ","utca",,0,,0,
3529,"Budai József           ","utca",,0,,0,
3534,"Budai Nagy Antal       ","utca",,0,,0,
3526,"Bulcsu                 ","utca",,0,,0,
3526,"Búza                   ","tér",,0,,0,
3510,"Búzavirág","út","Lyukó",0,,0,
3525,"Búzavirág              ","utca",,0,,0,
3527,"Buzogány               ","utca",,0,,0,
3535,"Bükk                   ","utca",,0,,0,
3508,"Cement                 ","utca",,0,,0,
3508,"Cementgyári            ","utca",,0,,0,
3534,"Cinka Panna            ","utca",,0,,0,
3530,"Corvin                 ","utca",,0,,0,
3530,"Csabai                 ","sor",,0,,0,
3519,"Csabai                 ","utca       ","Tapolca",0,,0,
3519,"Csabai                 ","út       ","Tapolca",0,,0,
3529,"Csabai kapu","kapu",,0,,0,
3508,"Csabavezér             ","út",,0,,0,
3518,"Csáby Lajos            ","utca       ","Pereces",0,,0,
3518,"Csajkovszkij           ","utca       ","Pereces",0,,0,
3534,"Csákány                ","utca",,0,,0,
3530,"Csalogány              ","utca",,0,,0,
3535,"Csanyik","völgy",,0,,0,
3535,"Csanyik                ","utca",,0,,0,
3530,"Csáti                  ","sor",,0,,0,
3525,"Csattos                ","hegy",,0,,0,
3534,"Csavar                 ","utca",,0,,0,
3518,"Csehov                 ","utca       ","Pereces",0,,0,
3528,"Csele                  ","utca",,0,,0,
3535,"Csemete                ","utca",,0,,0,
3508,"Csemetekert            ","utca",,0,,0,
3535,"Csendes                ","utca",,0,,0,
3530,"Csengey Gusztáv        ","utca",,0,,0,
3516,"Cserép                 ","utca       ","Görömböly",0,,0,
3510,"Cseresznyés","út","Pereces",0,,0,
3508,"Cseresznyés            ","utca",,0,,0,
3533,"Cserfa                 ","utca",,0,,0,
3525,"Cserhát                ","utca",,0,,0,
3535,"Cserje                 ","utca",,0,,0,
3516,"Csermák Antal          ","utca       ","Görömböly",0,,0,
3525,"Csermely               ","utca",,0,,0,
3510,"Csermőke",,,0,,0,
3515,"Csermőke               ","dűlő",,0,,0,
3533,"Csermőkei              ","út",,0,,0,
3518,"Csernaj",,,0,,0,
3518,"Cséti Ottó             ","utca       ","Pereces",0,,0,
3531,"Csillag                ","utca",,0,,0,
3534,"Csille                 ","utca",,0,,0,
3535,"Csipkés                ","utca",,0,,0,
3534,"Csipkevirág ","utca",,0,,0,
3530,"Csizmadia              ","köz",,0,,0,
3519,"Csizmadia              ","utca",,0,,0,
3535,"Csóka                  ","utca",,0,,0,
3528,"Csokonai Vitéz Mihály  ","utca",,0,,0,
3530,"Csonka                 ","sor",,0,,0,
3528,"Csonka János           ","utca",,0,,0,
3527,"Csorba                 ","telep",,0,,0,
3534,"Csortos Gyula          ","utca",,0,,0,
3516,"Cukrász                ","utca       ","Görömböly",0,,0,
3518,"Dalárda                ","utca","Pereces",0,,0,
3510,"Dália","út","Szarkahegy",0,,0,
3508,"Dália                  ","utca",,0,,0,
3531,"Damjanich János        ","utca",,0,,0,
3530,"Dankó Pista            ","utca",,0,,0,
3510,"Danlos",,,0,,0,
3531,"Danyi völgy","völgy",,0,,0,
3516,"Dapsy László           ","utca       ","Görömböly",0,,0,
3532,"Daru                   ","utca",,0,,0,
3525,"Dayka Gábor            ","utca",,0,,0,
3525,"Deák Ferenc            ","tér",,0,,0,
3516,"Deák Ferenc            ","utca       ","Görömböly",0,,0,
3518,"Debreceni Márton       ","tér      ","Pereces",0,,0,
3519,"Dehmel Nándor          ","sétány   ","Tapolca",0,,0,
3516,"Déli                   ","utca       ","Görömböly",0,,0,
3519,"Denevér                ","utca       ","Tapolca",0,,0,
3529,"Derkovits Gyula        ","utca",,0,,0,
3525,"Déryné                 ","utca",,0,,0,
3519,"Dési Huber István      ","utca       ","Tapolca",0,,0,
3529,"Dessewffy Arisztid     ","utca",,0,,0,
3515,"Dimitrov-hegy","hegy",,0,,0,
3534,"Diófa                  ","utca",,0,,0,
3531,"Dobó István            ","utca",,0,,0,
3529,"Dobozy Mihály          ","utca",,0,,0,
3525,"Dóczy József           ","utca",,0,,0,
3508,"Dohány                 ","utca",,0,,0,
3531,"Domb                   ","utca",,0,,0,
3534,"Dorottya               ","utca",,0,,0,
3525,"Dózsa György           ","út",,0,,0,
3528,"Dráva                  ","utca",,0,,0,
3529,"Dugonics András        ","utca",,0,,0,
3528,"Duna                   ","utca",,0,,0,
3527,"Éder György            ","utca",,0,,0,
3508,"Egres                  ","utca",,0,,0,
3521,"Egressy Béni           ","utca       ","Szirma",0,,0,
3528,"Egressy Gábor          ","utca",,0,,0,
3508,"Egri                   ","utca",,0,,0,
3515,"Egyetem                ","út",,0,,0,
3515,"Egyetemváros",,,0,,0,
3516,"Egyetértés             ","utca       ","Görömböly",0,,0,
3510,"Elnök","út","Lyukó",0,,0,
3532,"Előd                   ","utca",,0,,0,
3535,"Előhegy                ","utca",,0,,0,
3533,"Első                   ","utca",,0,,0,
3534,"Endresz György         ","utca",,0,,0,
3535,"Endrődi Sándor         ","utca",,0,,0,
3519,"Enyedi György          ","utca       ","Tapolca",0,,0,
3529,"Eötvös Lóránd          ","utca",,0,,0,
3535,"Eper                   ","utca",,0,,0,
3526,"Eperjesi               ","utca",,0,,0,
3534,"Erdélyi                ","utca",,0,,0,
3535,"Erdész                 ","utca",,0,,0,
3510,"Erdő","út","Pereces",0,,0,
3518,"Erdő                   ","sor      ","Pereces",0,,0,
3535,"Erdő                   ","utca",,0,,0,
3518,"Erenyő                 ","utca       ","Pereces",0,,0,
3518,"Erenyő völgy","völgy",,0,,0,
3521,"Erkel Ferenc           ","utca       ","Szirma",0,,0,
3531,"Ernye Bán              ","utca",,0,,0,
3517,"Erzsébet               ","sétány   ","Lillafüred",0,,0,
3530,"Erzsébet               ","tér",,0,,0,
3516,"Erzsébet királyné      ","útja     ","Görömböly",0,,0,
3516,"Erzsébet királyné      ","útja     ","Görömböly",0,,0,
3525,"Estike                 ","utca",,0,,0,
3519,"Esze Tamás             ","utca       ","Tapolca",0,,0,
3531,"Eszperantó ","park",,0,,0,
3531,"Eszperantó             ","tér",,0,,0,
3508,"Eszperantó             ","utca       ","Görömböly",0,,0,
3525,"Eszter                 ","utca",,0,,0,
3516,"Esztergályos           ","utca       ","Görömböly",0,,0,
3529,"Eszterházy Antal       ","utca",,0,,0,
3525,"Fábián                 ","utca",,0,,0,
3525,"Fábián kapu","kapu",,0,,0,
3532,"Fadrusz János          ","utca",,0,,0,
3519,"Fagyöngy               ","utca       ","Tapolca",0,,0,
3519,"Fajdos                 ","utca",,0,,0,
3518,"Faller Jenő            ","utca       ","Pereces",0,,0,
3518,"Farbaky István         ","utca       ","Pereces",0,,0,
3516,"Farkas Antal           ","utca       ","Görömböly",0,,0,
3529,"Farkas Jenő            ","utca",,0,,0,
3521,"Fáskert                ","utca",,0,,0,
3530,"Fasor                  ","utca",,0,,0,
3518,"Fátyolka               ","utca","Pereces",0,,0,
3525,"Fazekas                ","utca",,0,,0,
3517,"Fazola Frigyes","sétány","Lillafüred",0,,0,
3534,"Fazola Henrik          ","utca",,0,,0,
3519,"Fecske                 ","utca       ","Tapolca",0,,0,
3516,"Felhő                  ","utca       ","Görömböly",0,,0,
3525,"Felmező                ","utca",,0,,0,
3530,"Felső                  ","sor",,0,,0,
3529,"Felsőruzsin","körút",,0,,0,
3510,"Felsősor","út","Lyukó",0,,0,
3501,"Felsőszentgyörgy       ","dűlő",,0,,0,
3533,"Felsőszinva            ","utca",,0,,0,
3532,"Fém                    ","utca",,0,,0,
3510,"Fény","út","Pereces",0,,0,
3535,"Fényesvölgyi           ","utca",,0,,0,
3529,"Fényi Gyula            ","tér",,0,,0,
3510,"Fenyő","út","Szarkahegy",0,,0,
3519,"Fenyő                  ","utca       ","Tapolca",0,,0,
3534,"Fenyves                ","utca",,0,,0,
3532,"Ferenc                 ","utca",,0,,0,
3534,"Ferenczi Sándor        ","utca",,0,,0,
3525,"Feszty Árpád           ","utca",,0,,0,
3518,"Finkey József          ","utca       ","Pereces",0,,0,
3508,"Fogarasi               ","utca",,0,,0,
3527,"Fonoda                 ","utca",,0,,0,
3528,"Forgács Antal          ","utca",,0,,0,
3525,"Forrásvölgy            ","utca",,0,,0,
3530,"Földes Ferenc          ","utca",,0,,0,
3528,"Fövényszer             ","utca",,0,,0,
3528,"Franklin Benjámin      ","utca",,0,,0,
3508,"Futó                   ","utca",,0,,0,
3516,"Fuvola","utca","Görömböly",0,,0,
3518,"Fülemile               ","utca       ","Pereces",0,,0,
3535,"Fülep József           ","utca",,0,,0,
3533,"Fürdő                  ","utca",,0,,0,
3519,"Fürj                   ","utca       ","Tapolca",0,,0,
3531,"Füzes                  ","utca",,0,,0,
3531,"Gábor Áron             ","utca",,0,,0,
3534,"Gagarin                ","utca",,0,,0,
3525,"Galagonyás             ","sor",,0,,0,
3532,"Gálffy Ignác           ","utca",,0,,0,
3528,"Ganz Ábrahám           ","utca",,0,,0,
3510,"Garád","út","Lyukó",0,,0,
3517,"Garadnavölgy","völgy",,0,,0,
3528,"Garam                  ","utca",,0,,0,
3519,"Garas Sámuel           ","utca       ","Tapolca",0,,0,
3508,"Garbai Sándor          ","utca",,0,,0,
3508,"Gárdonyi Géza          ","utca",,0,,0,
3508,"Gátőr                  ","utca",,0,,0,
3521,"Gémeskert(Szirma)","kert     ","Szirma",0,,0,
3532,"Gépész                 ","utca",,0,,0,
3510,"Gerbera","út","Pereces",0,,0,
3532,"Gergely                ","köz",,0,,0,
3519,"Gerle                  ","utca       ","Tapolca",0,,0,
3530,"Geró János             ","utca",,0,,0,
3529,"Gesztenyés             ","utca",,0,,0,
3532,"Géza                   ","utca",,0,,0,
3516,"Ginzery Sándor         ","utca",,0,,0,
3534,"Gitár","utca",,0,,0,
3530,"Gizella                ","utca",,0,,0,
3533,"Glanzer Miksa          ","utca",,0,,0,
3529,"Gombos Pál             ","utca",,0,,0,
3533,"Gorkij                 ","sor",,0,,0,
3533,"Gózon Lajos            ","utca",,0,,0,
3526,"Gömöri                 ","tér",,0,,0,
3529,"Görgey Artúr           ","utca",,-3,,0,
3530,"Görgey Artúr           ","utca",,1,,21,
3530,"Görgey Artúr           ","utca",,2,,26,
3516,"Görgős                 ","utca       ","Görömböly",0,,0,
3532,"Görögszőlő             ","utca",,0,,0,
3519,"Görömbölyi","út","Tapolca",0,,0,
3534,"Gőz                    ","utca",,0,,0,
3508,"Gránátalma             ","utca",,0,,0,
3501,"Gubacska               ","tanya",,0,,0,
3519,"Gubás                  ","utca",,0,,0,
3528,"Gutenberg              ","utca",,0,,0,
3528,"Gvadányi József        ","utca",,0,,0,
3531,"Gyár                   ","utca",,0,,0,
3535,"Gyertyán               ","utca",,0,,0,
3527,"Gyimesi                ","utca",,0,,0,
3526,"Gyóni Géza             ","utca",,0,,0,
3528,"Gyöngyösi István       ","utca",,0,,0,
3529,"Gyöngyvirág            ","utca",,0,,0,
3531,"Győri","kapu",,0,,0,
3530,"Győri                  ","sor",,0,,0,
3519,"Győri                  ","utca       ","Tapolca",0,,0,
3532,"Gyula                  ","utca",,0,,0,
3530,"Hadirokkantak          ","útja",,0,,0,
3534,"Hajdú                  ","utca",,0,,0,
3533,"Hajnal                 ","utca",,0,,0,
3521,"Hajnóczy József        ","utca       ","Szirma",0,,0,
3524,"Hajós Alfréd           ","utca",,0,,0,
3508,"Haladás                ","utca",,0,,0,
3527,"Halász                 ","utca",,0,,0,
3534,"Haller György          ","utca",,0,,0,
3521,"Halom                  ","utca       ","Szirma",0,,0,
3533,"Hamerák Mihály         ","utca",,0,,0,
3517,"Hámor","sétány","Lillafüred",0,,0,
3521,"Harang                 ","utca",,0,,0,
3519,"Harkály                ","utca       ","Tapolca",0,,0,
3533,"Harmadik               ","utca",,0,,0,
3527,"Harmat                 ","utca",,0,,0,
3516,"Harsányi               ","utca       ","Görömböly",0,,0,
3535,"Hársfa                 ","utca",,0,,0,
3533,"Hatodik                ","utca",,0,,0,
3519,"Hattyú                 ","utca       ","Tapolca",0,,0,
3526,"Hatvanötösök           ","útja",,0,,0,
3535,"Havas                  ","utca",,0,,0,
3518,"Havasszépe","utca","Pereces",0,,0,
3534,"Hegedű ","utca",,0,,0,
3535,"Hegyalja               ","út",,0,,0,
3535,"Hegyes                 ","utca",,0,,0,
3508,"Hejő                   ","utca",,0,,0,
3533,"Hengerész              ","utca",,0,,0,
3518,"Hérics                 ","utca","Pereces",0,,0,
3532,"Herman Ottó            ","utca",,0,,0,
3527,"Hernád                 ","utca",,0,,0,
3533,"Hetedik                ","utca",,0,,0,
3510,"Híd","út","Pereces",0,,0,
3508,"Híd                    ","utca",,0,,0,
3531,"Hideg                  ","sor",,0,,0,
3508,"Hock János             ","utca",,0,,0,
3531,"Hold                   ","utca",,0,,0,
3528,"Hollán Ernő            ","utca",,0,,0,
3535,"Holló                  ","utca",,0,,0,
3535,"Homok                  ","utca",,0,,0,
3519,"Homonnai               ","utca       ","Tapolca",0,,0,
3518,"Honszerző              ","utca       ","Pereces",0,,0,
3535,"Honvéd                 ","utca",,0,,0,
3516,"Hordó                  ","utca",,0,,0,
3525,"Horváth Lajos          ","utca",,0,,0,
3535,"Hóvirág                ","utca",,0,,0,
3525,"Hősök tere","tér",,0,,0,
3526,"Huba                   ","utca",,0,,0,
3534,"Hunfalvy Pál           ","utca",,0,,0,
3530,"Hunyadi János          ","utca",,0,,0,
3526,"Huszár                 ","utca",,0,,0,
3531,"Hutás                  ","utca",,0,,0,
3535,"Ibolya                 ","utca",,0,,0,
3529,"Ifjúság                ","útja",,0,,0,
3508,"Igazság                ","utca",,0,,0,
3519,"Iglói                  ","utca       ","Tapolca",0,,0,
3532,"Illyés Gyula           ","utca",,0,,0,
3519,"Imreh Zsigmond         ","utca",,0,,0,
3528,"Ipoly                  ","utca",,0,,0,
3530,"Irányi Dániel          ","utca",,0,,0,
3534,"Irinyi János           ","utca",,0,,0,
3529,"Irisz                  ","utca",,0,,0,
3533,"Irma                   ","utca",,0,,0,
3519,"Isaszeg                ","utca       ","Tapolca",0,,0,
3528,"Iskola                 ","tér",,0,,0,
3501,"Istenhegy              ","dűlő",,0,,0,
3528,"Istvánffy Gyula        ","utca",,0,,0,
3534,"Iván                   ","utca",,0,,0,
3508,"Izsó Miklós            ","utca",,0,,0,
3510,"Jácint","út","Lyukó",0,,0,
3535,"János                  ","utca",,0,,0,
3531,"Jánosi Ferenc          ","utca",,0,,0,
3533,"Jászai Mari            ","utca",,0,,0,
3529,"Jászi Oszkár           ","utca",,0,,0,
3517,"Jávorkút","kút",,0,,0,
3535,"Jázmin                 ","utca",,0,,0,
3533,"Jedlik Ányos           ","utca",,0,,0,
3508,"Jegenyés               ","utca",,0,,0,
3510,"Jégvirág","út","Lyukó",0,,0,
3528,"Jendrassik György      ","utca",,0,,0,
3521,"Jenke                  ","tanya",,0,,0,
3521,"Jenkei                 ","utca",,0,,0,
3519,"Jogász                 ","utca",,0,,0,
3525,"Jókai Mór              ","utca",,0,,0,
3518,"Jónáshegy","hegy",,0,,0,
3524,"Jósika Miklós          ","utca",,0,,0,
3528,"Jósva                  ","utca",,0,,0,
3518,"Jószerencse            ","utca       ","Pereces",0,,0,
3531,"József                 ","utca",,0,,0,
3527,"József Attila          ","telep",,0,,0,
3527,"József Attila          ","utca",,0,,0,
3535,"Juhász Gyula           ","utca",,0,,0,
3533,"Kabar                  ","utca",,0,,0,
3532,"Kabók Lajos            ","utca",,0,,0,
3534,"Kacsóh Pongrác         ","utca",,0,,0,
3516,"Kaffka Margit          ","utca       ","Görömböly",0,,0,
3510,"Kála","út","Pereces",0,,0,
3532,"Kalapács               ","utca",,0,,0,
3531,"Kalló                  ","utca",,0,,0,
3516,"Kálmán Imre            ","utca       ","Görömböly",0,,0,
3508,"Kalocsay Kálmán (Dr)        ","utca       ","Hejőcsaba",0,,0,
3530,"Kálvin János           ","utca",,0,,0,
3501,"Kánás                  ","dűlő",,0,,0,
3530,"Kandia                 ","utca",,0,,0,
3527,"Kandó Kálmán           ","tér",,0,,0,
3534,"Kandó Kálmán           ","utca",,0,,0,
3529,"Kankalin               ","utca",,0,,0,
3535,"Kankós                 ","dűlő",,0,,0,
3508,"Kapitány               ","utca",,0,,0,
3508,"Káplár                 ","utca",,0,,0,
3528,"Kapos                  ","utca",,0,,0,
3521,"Kaptár                 ","utca",,0,,0,
3535,"Karabély               ","utca",,0,,0,
3531,"Karacs Teréz           ","utca",,0,,0,
3535,"Karinthy Frigyes       ","utca",,0,,0,
3508,"Károli Gáspár          ","tér      ","Hejőcsaba",0,,0,
3532,"Károly                 ","utca",,0,,0,
3519,"Károlyi Mihály         ","utca       ","Tapolca",0,,0,
3534,"Kárpáti                ","utca",,0,,0,
3516,"Kárpitos               ","utca       ","Görömböly",0,,0,
3527,"Kartács                ","utca",,0,,0,
3526,"Kassai                 ","utca",,0,,0,
3521,"Kassák Lajos           ","utca       ","Szirma",0,,0,
3527,"Katalin                ","utca",,1,,3,
3530,"Katalin                ","utca",,-3,,0,
3519,"Katona József          ","utca       ","Tapolca",0,,0,
3526,"Katowice               ","utca",,0,,0,
3532,"Kavics                 ","utca",,0,,0,
3525,"Kazinczy Ferenc        ","utca",,0,,0,
3508,"Kázmér                 ","utca",,0,,0,
3521,"Kelet                  ","utca       ","Szirma",0,,0,
3534,"Kemény                 ","utca",,0,,0,
3534,"Kempelen Farkas        ","utca",,0,,0,
3532,"Kerekhegy",,,0,,0,
3533,"Kerpely Antal          ","utca",,0,,0,
3508,"Kertész                ","utca",,0,,0,
3519,"Késmárki               ","utca       ","Tapolca",0,,0,
3533,"Kilencedik             ","utca",,0,,0,
3527,"Kinizsi Pál            ","utca",,1,,9,
3527,"Kinizsi Pál            ","utca",,2,,16,
3529,"Kinizsi Pál            ","utca",,-3,,0,
3530,"Király                 ","utca",,0,,0,
3530,"Kisavas                ","sor",,0,,0,
3530,"Kisavas első sor",,,0,,0,
3530,"Kisavas harmadik sor               ",,,0,,0,
3530,"Kisavas második sor             ",,,0,,0,
3530,"Kisavas negyedik sor               ",,,0,,0,
3535,"Kisbakos",,,0,,0,
3519,"Kisbenedek             ","utca",,0,,0,
3518,"Kiserenyő",,,0,,0,
3528,"Kisfaludy Károly       ","utca",,0,,0,
3532,"Kishajtás              ","dűlő",,0,,0,
3519,"Kishonti               ","utca",,0,,0,
3525,"Kis-Hunyad             ","utca",,0,,0,
3532,"Kiskirályhegy","hegy",,0,,0,
3501,"Kiskőbánya             ","dűlő",,0,,0,
3525,"Kiskőbánya TSZ         ","tanya",,0,,0,
3525,"Kiskőbányaszőlő        ","dűlő",,0,,0,
3519,"Kiskőkötő              ","dűlő",,0,,0,
3533,"Kismagashegy","hegy",,0,,0,
3531,"Kiss Ernő              ","utca",,0,,0,
3519,"Kiss József            ","utca       ","Tapolca",0,,0,
3534,"Kiss Tábornok          ","út",,0,,0,
3535,"Kisszilvás völgy","völgy",,0,,0,
3524,"Klapka György          ","utca",,0,,0,
3519,"Kmetty János           ","utca",,0,,0,
3529,"Knézich Károly         ","utca",,0,,0,
3508,"Koboz                  ","utca",,0,,0,
3519,"Kócsag                 ","utca       ","Tapolca",0,,0,
3518,"Kodály Zoltán          ","utca       ","Pereces",0,,0,
3532,"Kohász                 ","utca",,0,,0,
3532,"Kohó                   ","utca",,0,,0,
3533,"Kokilla                ","utca",,0,,0,
3526,"Kolozsvári             ","utca",,0,,0,
3533,"Komlós tető","tető",,0,,0,
3518,"Koncsorgó              ","dűlő",,0,,0,
3535,"Kondor Béla            ","utca",,0,,0,
3527,"Kont István            ","utca",,-3,,0,
3530,"Kont István            ","utca",,1,,11,
3530,"Kont István            ","utca",,2,,10,
3528,"Koppány                ","utca",,0,,0,
3529,"Korach Mór             ","utca",,0,,0,
3533,"Kórház                 ","utca",,0,,0,
3530,"Kóris Kálmán           ","utca",,0,,0,
3521,"Koromházi              ","utca",,0,,0,
3529,"Kós Károly             ","utca",,0,,0,
3525,"Kossuth Lajos          ","utca",,0,,0,
3517,"Kosztolányi Dezső","sétány","Lillafüred",0,,0,
3516,"Kovács                 ","utca       ","Görömböly",0,,0,
3516,"Kozma Andor            ","utca",,0,,0,
3508,"Kő                     ","utca",,0,,0,
3535,"Kökény                 ","utca",,0,,0,
3524,"Kölcsey Ferenc         ","utca",,0,,0,
3534,"Költő                  ","utca",,0,,0,
3516,"Kőműves                ","utca       ","Görömböly",0,,0,
3534,"Könyves Kálmán         ","utca",,0,,0,
3518,"Kőpad                  ","utca       ","Pereces",0,,0,
3531,"Kőporos                ","utca",,0,,0,
3528,"Kőris                  ","utca",,0,,0,
3535,"Körmöci                ","utca",,0,,0,
3528,"Kőrös                  ","utca",,0,,0,
3527,"Kőrösi Csoma Sándor    ","utca",,0,,0,
3525,"Közdomb","domb",,0,,0,
3530,"Közép                  ","sor",,0,,0,
3531,"Középruzsin            ","dűlő",,0,,0,
3501,"Középszentgyörgy       ","dűlő",,0,,0,
3529,"Középszer              ","utca",,0,,0,
3534,"Köztársaság            ","utca",,0,,0,
3533,"Kristály               ","utca",,0,,0,
3533,"Krókusz","utca",,0,,0,
3527,"Kruspér István         ","utca",,0,,0,
3535,"Kuruc                  ","utca",,0,,0,
3532,"Kutyorvölgy","völgy",,0,,0,
3508,"Kürt                   ","utca",,0,,0,
3528,"Laborc                 ","utca",,0,,0,
3525,"Laborfalvi Róza        ","utca",,0,,0,
3533,"Ládi                   ","telep",,0,,0,
3528,"Lahner György          ","utca",,0,,0,
3530,"Lajos                  ","sor",,0,,0,
3528,"Lajta                  ","utca",,0,,0,
3516,"Lakatos                ","utca       ","Görömböly",0,,0,
3534,"Lankás                 ","utca",,0,,0,
3534,"Lant","utca",,0,,0,
3534,"Lányi Ernő             ","utca",,0,,0,
3530,"Latabár                ","sor",,0,,0,
3527,"Latabár Endre          ","utca",,0,,0,
3526,"Latkóczi Lajos         ","utca",,0,,0,
3528,"Latorca                ","utca",,0,,0,
3518,"Lauday János           ","utca","Pereces",0,,0,
3516,"Lavotta                ","         ","Görömböly",0,,0,
3529,"Lázár Vilmos           ","utca",,0,,0,
3516,"Lehár Ferenc           ","utca       ","Görömböly",0,,0,
3526,"Lehel                  ","utca",,0,,0,
3530,"Leiningen Károly       ","utca",,0,,0,
3533,"Lejtő","utca",,0,,0,
3530,"Lenke                  ","utca",,0,,0,
3519,"Lenkey Zoltán          ","utca",,0,,0,
3524,"Leszih Andor           ","utca",,0,,0,
3519,"Léva                   ","utca       ","Tapolca",0,,0,
3529,"Lévay József           ","utca",,0,,0,
3528,"Levél                  ","utca",,0,,0,
3526,"Leventevezér           ","utca",,0,,0,
3519,"Lilaakác","utca","Tapolca",0,,0,
3533,"Liliom","utca",,0,,0,
3510,"Liliom","út","Lyukó",0,,0,
3534,"Lilla                  ","utca",,0,,0,
3518,"Liszkay Gusztáv        ","utca       ","Pereces",0,,0,
3532,"Liszt Ferenc           ","utca",,0,,0,
3528,"Lokomotiv              ","utca",,0,,0,
3533,"Lomb                   ","utca",,0,,0,
3533,"Lónyai Menyhért        ","utca",,0,,0,
3533,"Lórántffy Zsuzsanna    ","utca",,0,,0,
3517,"Losonczy István        ","utca       ","Lillafüred",0,,0,
3526,"Lovarda                ","utca",,0,,0,
3519,"Lőcsei                 ","utca       ","Tapolca",0,,0,
3531,"Lővei                  ","sor",,0,,0,
3518,"Lugas                  ","utca       ","Pereces",0,,0,
3517,"Lux Kálmán             ","lépősor  ","Lillafüred",0,,0,
3532,"Lyukó","kitérő",,0,,0,
3532,"Lyukó","völgy",,0,,0,
3532,"Lyukóbánya             ","telep",,0,,0,
3532,"Lyukóvölgy","bánya oldal",,0,,0,
3532,"Lyukóvölgy","gulyakút",,0,,0,
3532,"Lyukóvölgy","kishajtás",,0,,0,
3532,"Lyukóvölgy","kitérő",,0,,0,
3532,"Lyukóvölgy","kutyor",,0,,0,
3534,"Madách Imre            ","utca",,0,,0,
3530,"Mádai Lajos            ","utca",,0,,0,
3516,"Madár                  ","utca       ","Görömböly",0,,0,
3525,"Madarász Viktor        ","utca",,0,,0,
3533,"Magashegy","hegy",,0,,0,
3533,"Magyar                 ","utca",,0,,0,
3521,"Magyar László          ","utca       ","Szirma",0,,0,
3535,"Majális park","park",,0,,0,
3535,"Majláth István         ","utca",,0,,0,
3525,"Major                  ","utca",,0,,0,
3508,"Május 1.               ","telep",,0,,0,
3510,"Málnás","út","Pereces",0,,0,
3508,"Málnás                 ","utca",,0,,0,
3508,"Malom                  ","utca",,0,,0,
3530,"Malomszög              ","utca",,0,,0,
3521,"Mályva                 ","utca       ","Szirma",0,,0,
3533,"Mányoki Ádám           ","utca",,0,,0,
3521,"Marek József           ","utca       ","Szirma",0,,0,
3533,"Margaréta","utca",,0,,0,
3501,"Margitta               ","dűlő",,0,,0,
3525,"Margittai              ","utca",,0,,0,
3534,"Mária                  ","utca",,0,,0,
3519,"Máriássy Sándor        ","utca       ","Tapolca",0,,0,
3525,"Marjalaki Kiss Lajos   ","utca",,0,,0,
3532,"Maros                  ","utca",,0,,0,
3528,"Martin Károly          ","utca",,0,,0,
3533,"Martinász              ","utca",,0,,0,
3527,"Martinovics Ignác      ","utca",,-3,,0,
3529,"Martinovics Ignác      ","utca",,1,,7,
3529,"Martinovics Ignác      ","utca",,2,,10,
3530,"Mártírok utcája","utca",,0,,0,
3534,"Márton bíró            ","utca",,0,,0,
3533,"Második                ","utca",,0,,0,
3519,"Mátra                  ","utca       ","Tapolca",0,,0,
3525,"Mátyás király          ","utca",,0,,0,
3527,"MÁV                    ","telep",,0,,0,
3528,"MÁV 77-es őrház",,"Martinkertváros",0,,0,
3525,"Mecsek                 ","utca",,0,,0,
3508,"Mécses                 ","utca",,0,,0,
3529,"Medgyessy Ferenc       ","utca",,0,,0,
3524,"Mednyánszky László     ","utca",,0,,0,
3510,"Meggyes","út","Pereces",0,,0,
3530,"Meggyesalja            ","utca",,0,,0,
3532,"Méhész                 ","utca",,0,,0,
3530,"Melinda                ","utca",,0,,0,
3533,"Mély                   ","út",,0,,0,
3530,"Mélyvölgy              ","utca",,0,,0,
3501,"Mendikás               ","dűlő",,0,,0,
3516,"Meredek                ","köz      ","Görömböly",0,,0,
3510,"Meredély","út","Lyukó",0,,0,
3519,"Mérnök                 ","utca",,0,,0,
3533,"Mester                 ","utca",,0,,0,
3508,"Mész                   ","utca",,0,,0,
3519,"Mészáros               ","utca",,0,,0,
3508,"Mésztelep","telep",,0,,0,
3508,"Mésztelepi kolónia","kolónia",,0,,0,
3533,"Mexikó                 ","telep",,0,,0,
3533,"Mexikóvölgy            ","utca",,0,,0,
3521,"Méz                    ","utca",,0,,0,
3528,"Mező                   ","utca",,0,,0,
3529,"Mikes Kelemen          ","utca",,0,,0,
3532,"Miklós                 ","utca",,0,,0,
3529,"Mikszáth Kálmán        ","utca",,0,,0,
3530,"Mindszent              ","tér",,0,,0,
3521,"Miskolci               ","út       ","Szirma",0,,0,
3519,"Miskolctapolcai        ","út       ","Tapolca",0,,0,
3534,"Mogyoró                ","utca",,0,,0,
3535,"Mohás                  ","utca",,0,,0,
3521,"Mohostó                ","utca       ","Szirma",0,,0,
3534,"Mokri-Mészáros         ","utca",,0,,0,
3534,"Mongol                 ","utca",,0,,0,
3519,"Monostor               ","utca",,0,,0,
3533,"Mónus Illés            ","utca",,0,,0,
3535,"Móra Ferenc            ","utca",,0,,0,
3534,"Móricz Zsigmond        ","utca",,0,,0,
3534,"Muhi                   ","utca",,0,,0,
3530,"Munkácsy Mihály        ","utca",,0,,0,
3534,"Munkás                 ","utca",,0,,0,
3528,"Mura                   ","utca",,0,,0,
3531,"Muszkás oldal",,,0,,0,
3529,"Műhely                 ","utca",,0,,0,
3508,"Nádas                  ","utca",,0,,0,
3525,"Nagy Ferenc            ","utca",,0,,0,
3534,"Nagy Lajos király      ","útja",,0,,0,
3521,"Nagy László            ","utca",,0,,0,
3531,"Nagy Sándor            ","utca",,0,,0,
3530,"Nagyavas Alsó sor",,"Avas",0,,0,
3530,"Nagy-Avas felsősor","sor",,0,,0,
3530,"Nagyavas Rácz sor",,"Avas",0,,0,
3530,"Nagyavasi              ","sor",,0,,0,
3530,"Nagyavas-közép         ","sor",,0,,0,
3508,"Nagycsermőke           ","dűlő",,0,,0,
3515,"Nagykőkötő",,,0,,0,
3533,"Nagymagashegy","hegy",,0,,0,
3528,"Nagypást               ","tanya",,0,,0,
3508,"Nagyszalonta           ","utca",,0,,0,
3508,"Nagyszebeni            ","utca",,0,,0,
3519,"Nagyszentbenedek       ","dűlő",,0,,0,
3508,"Nagyváradi             ","utca",,0,,0,
3530,"Nagyváthy János        ","utca",,-1,,0,
3531,"Nagyváthy János        ","utca",,-2,,0,
3508,"Nándorfehérvári        ","utca",,0,,0,
3531,"Nap                    ","utca",,0,,0,
3525,"Napfürdő               ","utca",,0,,0,
3525,"Napraforgó             ","utca",,0,,0,
3529,"Nárcisz                ","utca",,0,,0,
3510,"Nefelejcs","út","Pereces",0,,0,
3530,"Nefelejcs              ","utca",,0,,0,
3533,"Negyedik               ","utca",,0,,0,
3508,"Negyvennyolcas         ","utca",,0,,0,
3510,"Nehéz","út","Lyukó",0,,0,
3532,"Nemzetőr               ","utca",,0,,0,
3525,"Nimród                 ","utca",,0,,0,
3534,"Nyár                   ","utca",,0,,0,
3533,"Nyárfa                 ","utca",,0,,0,
3531,"Nyírfa                 ","utca",,0,,0,
3529,"Nyíri Dániel           ","utca",,0,,0,
3533,"Nyirjes","utca",,0,,0,
3521,"Nyírjes                ","dűlő",,0,,0,
3519,"Nyitrai                ","utca       ","Tapolca",0,,0,
3533,"Nyolcadik              ","utca",,0,,0,
3533,"Ó                      ","utca",,0,,0,
3533,"Ógyár                  ","tér",,0,,0,
3533,"Olvasztár              ","utca",,0,,0,
3517,"Ómassa                 ","utca",,0,,0,
3510,"Orgona","út","Szarkahegy",0,,0,
3533,"Orgona                 ","utca",,0,,0,
3531,"Orsó                   ","utca",,0,,0,
3528,"Ottlik Géza","utca","Martinkertváros",0,,0,
3521,"Óvoda                  ","utca       ","Szirma",0,,0,
3533,"Örömhegy tető","tető",,0,,0,
3533,"Örös                   ","utca",,0,,0,
3532,"Örs                    ","utca",,0,,0,
3533,"Ötödik                 ","utca",,0,,0,
3535,"Őz                     ","utca",,0,,0,
3532,"Őzugró                 ","utca",,0,,0,
3525,"Pacsirta               ","utca",,0,,0,
3534,"Páfrány                ","utca",,0,,0,
3533,"Pajtás                 ","utca",,0,,0,
3519,"Pákozd                 ","utca       ","Tapolca",0,,0,
3532,"Pál                    ","utca",,0,,0,
3508,"Palánt                 ","dűlő",,0,,0,
3525,"Pallós                 ","utca",,0,,0,
3534,"Pálma                  ","utca",,0,,0,
3525,"Palóczy László         ","utca",,0,,0,
3517,"Palota                 ","utca       ","Lillafüred",0,,0,
3510,"Pálya","út","Pereces",0,,0,
3528,"Páncél                 ","utca",,0,,0,
3535,"Papír                  ","utca",,0,,0,
3530,"Papszer                ","utca",,0,,0,
3529,"Park                   ","utca",,0,,0,
3535,"Partos                 ","utca",,0,,0,
3525,"Patak                  ","utca",,0,,0,
3524,"Pattanytyús","utca","Avas",0,,0,
3519,"Páva                   ","utca       ","Tapolca",0,,0,
3517,"Pávai Vajna Ferenc     ","sétány   ","Lillafüred",0,,0,
3519,"Pazár István           ","sétány   ","Tapolca",0,,0,
3530,"Pázmány                ","sor",,0,,0,
3527,"Pázsit                 ","utca",,0,,0,
3535,"Pecérvölgy","völgy",,0,,0,
3518,"Péch Antal             ","utca       ","Pereces",0,,0,
3529,"Perczel Mór            ","utca",,0,,0,
3516,"Pesti (Görömböly)                 ","út       ","Görömböly",0,,0,
3508,"Pesti (Hejőcsaba)                 ","út       ","Hejőcsaba",0,,0,
3529,"Petneházy Dávid        ","utca",,0,,0,
3530,"Petőfi                 ","sor",,0,,0,
3526,"Petőfi Sándor          ","tér",,0,,0,
3530,"Petőfi Sándor          ","utca",,0,,0,
3525,"Pilis                  ","utca",,0,,0,
3508,"Pillangó               ","utca",,0,,0,
3525,"Pintes                 ","utca",,0,,0,
3510,"Pipacs","út","Lyukó",0,,0,
3521,"Pipacs                 ","utca       ","Szirma",0,,0,
3533,"Pléh Sándor            ","utca",,0,,0,
3521,"Pólya Jenő             ","utca       ","Szirma",0,,0,
3528,"Poprád                 ","utca",,0,,0,
3528,"Pósa Lajos             ","utca",,0,,0,
3521,"Posta                  ","utca       ","Szirma",0,,0,
3526,"Pozsonyi               ","utca",,0,,0,
3516,"Pöltenberg Ernő        ","utca       ","Görömböly",0,,0,
3508,"Próbatétel","utca","Hejőcsaba",0,,0,
3517,"Puskaporos             ",,"Lillafüred",0,,0,
3535,"Puskás Tivadar         ","utca",,0,,0,
3533,"Puskin                 ","utca",,0,,0,
3508,"Pusztaszeri            ","utca",,0,,0,
3518,"Pünkösdhegy","hegy",,0,,0,
3519,"Püspöklak              ","utca       ","Tapolca",0,,0,
3528,"Rába                   ","utca",,0,,0,
3532,"Rácz Ádám              ","utca",,0,,0,
3530,"Rácz György            ","utca",,0,,0,
3528,"Radnóti Miklós         ","utca",,0,,0,
3521,"Rák                    ","utca",,0,,0,
3530,"Rákóczi Ferenc         ","utca",,0,,0,
3528,"Régész                 ","utca",,0,,0,
3525,"Régiposta              ","utca",,0,,0,
3510,"Régivasút","út","Lyukó",0,,0,
3531,"Reisinger Ferenc       ","utca",,0,,0,
3530,"Reményi Ede            ","utca",,0,,0,
3527,"Rendező pályaudvar","pályaudvar",,0,,0,
3526,"Repülőtéri             ","út",,0,,0,
3528,"Rét                    ","utca",,0,,0,
3521,"Retek                  ","utca",,0,,0,
3532,"Réz                    ","utca",,0,,0,
3519,"Rézműves","utca","Tapolca",0,,0,
3510,"Rigó","út","Lyukó",0,,0,
3535,"Rigó                   ","utca",,0,,0,
3519,"Rimaszombati           ","utca",,0,,0,
3508,"Rodostó                ","utca",,0,,0,
3534,"Róna                   ","utca",,0,,0,
3535,"Rozgonyi Piroska       ","utca",,0,,0,
3508,"Rozmaring              ","utca",,0,,0,
3510,"Rózsa","út",,0,,0,
3501,"Rózsás                 ","dűlő",,0,,0,
3501,"Rózsás Lang            ","tanya",,0,,0,
3516,"Rózsavölgyi            ","utca       ","Görömböly",0,,0,
3519,"Rozsnyói               ","utca",,0,,0,
3519,"Ruttkay György         ","utca",,0,,0,
3531,"Ruzsini                ","utca",,0,,0,
3531,"Ruzsinszőlő            ","dűlő",,0,,0,
3527,"Sajó                   ","utca",,0,,0,
3527,"Sajószigeti            ","utca",,0,,0,
3531,"Salétrom               ","utca",,0,,0,
3529,"Sályi István           ","utca",,0,,0,
3533,"Sándor                 ","utca",,0,,0,
3530,"Sarolta                ","utca",,0,,0,
3521,"Sárosi Gyula           ","utca       ","Szirma",0,,0,
3535,"Sas                    ","utca",,0,,0,
3533,"Sás                    ","utca",,0,,0,
3508,"Sátor                  ","utca",,0,,0,
3531,"Schweidel József       ","utca",,0,,0,
3517,"Sebesvíz",,,0,,0,
3508,"Segesvári              ","utca",,0,,0,
3525,"Sellő                 ","utca",,0,,0,
3519,"Sellő                  ","dűlő     ","Tapolca",0,,0,
3519,"Selmeci                ","utca       ","Tapolca",0,,0,
3527,"Selyemrét              ","utca",,0,,0,
3529,"Semmelweis Ignác       ","utca",,0,,0,
3510,"Seregély","út","Lyukó",0,,0,
3530,"Serház                 ","utca",,0,,0,
3533,"Sétány                 ","utca",,0,,0,
3529,"Sibrik Miklós          ","utca",,0,,0,
3528,"Sik                    ","utca",,0,,0,
3516,"Simándy Pál            ","utca       ","Görömböly",0,,0,
3528,"Sió                    ","utca",,0,,0,
3508,"Síp                    ","utca",,0,,0,
3519,"Sirály                 ","utca       ","Tapolca",0,,0,
3527,"Soltész Nagy Kálmán    ","utca",,1,,7,
3527,"Soltész Nagy Kálmán    ","utca",,2,,8,
3527,"Soltész Nagy Kálmán    ","utca",,34,,36,
3529,"Soltész Nagy Kálmán    ","utca",,-3,,0,
3530,"Soltész Nagy Kálmán    ","utca",,9,,27,
3530,"Soltész Nagy Kálmán    ","utca",,10,,32,
3525,"Sólyom                 ","utca",,0,,0,
3518,"Som                    ","utca       ","Pereces",0,,0,
3521,"Somlay Artur           ","utca       ","Szirma",0,,0,
3535,"Somlyó Zoltán          ","utca",,0,,0,
3527,"Sorompó                ","utca",,0,,0,
3533,"Sportliget             ","utca",,0,,0,
3534,"Stadion                ","utca",,0,,0,
3528,"Stromfeld Aurél        ","utca",,0,,0,
3534,"Sugár                  ","utca",,0,,0,
3508,"Sütő János             ","utca",,0,,0,
3501,"Szabadka               ","dűlő",,0,,0,
3532,"Szabadság              ","utca",,0,,0,
3529,"Szabadságharc          ","utca",,0,,0,
3517,"Szabadság-kút","kút",,0,,0,
3516,"Szabó Ervin            ","utca       ","Görömböly",0,,0,
3516,"Szabó Károly           ","utca       ","Görömböly",0,,0,
3530,"Szabó Lőrinc           ","sétány",,0,,0,
3516,"Szabó Zoltán           ","utca       ","Görömböly",0,,0,
3521,"Szacsvay Imre          ","utca       ","Szirma",0,,0,
3508,"Szalag                 ","utca",,0,,0,
3521,"Szalay András          ","utca       ","Szirma",0,,0,
3508,"Szamóca                ","köz",,0,,0,
3532,"Szamos                 ","utca",,0,,0,
3533,"Szántó Kovács János    ","utca",,0,,0,
3534,"Szarkahegy","hegy",,0,,0,
3519,"Szathmáry Király Pál   ","utca       ","Tapolca",0,,0,
3519,"Szebeni                ","utca       ","Tapolca",0,,0,
3525,"Széchenyi István       ","út",,-1,,0,
3530,"Széchenyi István       ","út",,-2,,0,
3533,"Szeder                 ","utca",,0,,0,
3510,"Szedres","út","Pereces",0,,0,
3533,"Szegedi                ","utca",,0,,0,
3510,"Szegfű","út",,0,,0,
3526,"Szegfű                 ","utca",,0,,0,
3535,"Székely                ","utca",,0,,0,
3527,"Szekerész              ","utca",,0,,0,
3526,"Szeles                 ","utca",,0,,0,
3517,"Szeleta                ","utca       ","Lillafüred",0,,0,
3530,"Szemere Bertalan       ","utca",,0,,0,
3518,"Szén                   ","utca       ","Pereces",0,,0,
3521,"Széna                  ","utca",,0,,0,
3526,"Szendrei János         ","utca",,0,,0,
3528,"Szénfy Gusztáv         ","utca",,0,,0,
3532,"Szent Imre             ","tér",,0,,0,
3530,"Szent István           ","tér",,0,,0,
3530,"Szent István           ","utca",,0,,0,
3525,"Szent László           ","utca",,0,,0,
3519,"Szentbenedek Hegyi     ","utca",,0,,0,
3529,"Szentgyörgy            ","utca",,0,,0,
3518,"Szentistványi          ","utca       ","Pereces",0,,0,
3501,"Szentkereszthegy","hegy",,0,,0,
3517,"Szentlélek",,,0,,0,
3525,"Szentpáli              ","utca",,0,,0,
3526,"Szentpéteri kapu","kapu",,0,,0,
3521,"Szép                   ","utca",,0,,0,
3525,"Szepessy Pál           ","utca",,0,,0,
3535,"Szépvölgy              ","utca",,0,,0,
3521,"Szerb Antal            ","utca       ","Szirma",0,,0,
3532,"Szerdahelyi Kálmán     ","utca",,0,,0,
3508,"Szeretet               ","utca",,0,,0,
3533,"Szervezet              ","utca",,0,,0,
3530,"Sziget                 ","sor",,0,,0,
3529,"Szigethy Mihály        ","utca",,0,,0,
3529,"Szigligeti Ede         ","tér",,0,,0,
3535,"Szikla                 ","utca",,0,,0,
3529,"Szilágyi Dezső         ","utca",,0,,0,
3529,"Szilvás                ","utca",,0,,0,
3535,"Szilvásvölgy","völgy",,0,,0,
3527,"Szinva                 ","utca",,0,,0,
3534,"Szinyei Merse Pál      ","utca",,0,,0,
3508,"Szirmai                ","utca",,0,,0,
3521,"Szirmay Antal          ","utca",,0,,0,
3518,"Szirom                 ","utca","Pereces",0,,0,
3519,"Szitakötő              ","utca       ","Tapolca",0,,0,
3516,"Szolártsik Sándor      ","tér      ","Görömböly",0,,0,
3527,"Szondy György          ","telep",,0,,0,
3527,"Szondy György          ","utca",,0,,0,
3508,"Szózat                 ","utca",,0,,0,
3516,"Szőlő                  ","utca",,0,,0,
3531,"Szövő                  ","utca",,0,,0,
3528,"Szrog Sámuel           ","utca",,0,,0,
3525,"Szűcs Sámuel           ","utca",,0,,0,
3516,"Szűcs Sándor           ","utca",,0,,0,
3519,"Szűrcsapó              ","utca",,0,,0,
3510,"Tábor","út","Pereces",0,,0,
3508,"Tábortűz               ","utca",,0,,0,
3525,"Tag                    ","utca",,0,,0,
3518,"Taksony                ","utca       ","Pereces",0,,0,
3528,"Takta","utca","Martinkertváros",0,,0,
3508,"Tallér                 ","utca",,0,,0,
3532,"Tamási Áron            ","utca",,0,,0,
3529,"Tampere","lépcső",,0,,0,
3518,"Táncihegy","hegy",,0,,0,
3535,"Táncsics Mihály        ","tér",,0,,0,
3519,"Tanító                 ","utca",,0,,0,
3516,"Tapolcai               ","utca       ","Görömböly",0,,0,
3535,"Tapolcarét","rét",,0,,0,
3528,"Tapoly                 ","utca",,0,,0,
3521,"Tarcsay Vilmos         ","utca       ","Szirma",0,,0,
3525,"Tárkányi Béla          ","utca",,0,,0,
3528,"Tarló                  ","utca",,0,,0,
3518,"Tárna                  ","tér      ","Pereces",0,,0,
3516,"Tárogató               ","utca       ","Görömböly",0,,0,
3526,"Tass                   ","utca",,0,,0,
3534,"Tatár                  ","köz",,0,,0,
3531,"Tatár                  ","utca",,0,,0,
3534,"Tatárárok              ","utca",,0,,0,
3532,"Tátra                  ","utca",,0,,0,
3519,"Tavasz (Tapolca)","utca","Tapolca",0,,0,
3533,"Tavasz                 ","utca",,0,,0,
3533,"Técsey Ferenc          ","utca",,0,,0,
3516,"Tégla                  ","utca       ","Görömböly",0,,0,
3533,"Téglagyári             ","utca",,0,,0,
3531,"Teleki                 ","sor",,0,,0,
3530,"Teleki Blanka          ","utca",,0,,0,
3534,"Telepy György          ","utca",,0,,0,
3528,"Temes                  ","utca",,0,,0,
3526,"Temesvári              ","utca",,0,,0,
3534,"Temető                 ","utca",,0,,0,
3516,"Temetőalja             ","utca       ","Görömböly",0,,0,
3528,"Templom                ","tér",,0,,0,
3508,"Templom                ","utca",,0,,0,
3516,"Templomhegyi           ","utca       ","Görömböly",0,,0,
3532,"Testvériség            ","utca",,0,,0,
3529,"Testvérvárosok         ","útja",,0,,0,
3526,"Tetemvár alsósor","sor",,0,,0,
3526,"Tetemvár felsősor","sor",,0,,0,
3526,"Tetemvár középsor              ","sor",,0,,0,
3526,"Tetemvár sor              ","sor",,0,,0,
3519,"Thaly Kálmán           ","utca       ","Tapolca",0,,0,
3531,"Thököly Imre           ","utca",,0,,0,
3519,"Tímár                  ","utca",,0,,0,
3532,"Tímár malom            ","utca",,0,,0,
3525,"Tinódi                 ","utca",,0,,0,
3528,"Tisza                  ","utca",,0,,0,
3527,"Tiszai pályaudvar","pályaudvar",,0,,0,
3533,"Tizedik                ","utca",,0,,0,
3533,"Tizenegyedik           ","utca",,0,,0,
3530,"Tizeshonvéd            ","köz",,0,,0,
3525,"Tizeshonvéd            ","utca",,0,,0,
3534,"Tokaji Ferenc          ","utca",,0,,0,
3525,"Toldi Miklós           ","utca",,0,,0,
3530,"Tompa Mihály           ","utca",,0,,0,
3534,"Tópart                 ","utca",,0,,0,
3533,"Topiczer János         ","utca",,0,,0,
3519,"Tornai                 ","utca",,0,,0,
3532,"Torontáli              ","utca",,0,,0,
3530,"Toronyalja             ","utca",,0,,0,
3531,"Tóth                   ","sor",,0,,0,
3535,"Tóth Árpád             ","utca",,0,,0,
3528,"Tóth Pál               ","utca",,0,,0,
3533,"Töbrös                 ","utca",,0,,0,
3535,"Tölgy                  ","utca",,0,,0,
3527,"Tölgyesi               ","utca",,0,,0,
3510,"Tölgyfa","köz","Pereces",0,,0,
3508,"Töltés                 ","utca",,0,,0,
3535,"Tömörkény István       ","utca",,0,,0,
3527,"Tömösi                 ","utca",,0,,0,
3531,"Török Ignác            ","utca",,0,,0,
3535,"Törökverő              ","utca",,0,,0,
3519,"Trencséni              ","utca       ","Tapolca",0,,0,
3510,"Tulipán","út","Lyukó",0,,0,
3530,"Tulipán                ","utca",,0,,0,
3516,"Tücsök                 ","utca       ","Görömböly",0,,0,
3527,"Tüzér                  ","utca",,0,,0,
3518,"Ucekaj                 ","dűlő",,0,,0,
3530,"Uitz Béla              ","utca",,0,,0,
3521,"Új Élet                ","utca       ","Szirma",0,,0,
3518,"Újakna                 ","utca       ","Pereces",0,,0,
3533,"Újgyőri főtér","tér",,0,,0,
3532,"Újítók                 ","utca",,0,,0,
3519,"Újjáépítés             ","utca       ","Tapolca",0,,0,
3521,"Újkert                 ","utca       ","Szirma",0,,0,
3517,"Újmassa",,,0,,0,
3519,"Ungvári                ","utca       ","Tapolca",0,,0,
3534,"Üllő                   ","utca",,0,,0,
3527,"Üteg                   ","utca",,0,,0,
3521,"Váci Mihály            ","utca       ","Szirma",0,,0,
3517,"Vadas Jenő             ","utca       ","Lillafüred",0,,0,
3510,"Vadász","út","Pereces",0,,0,
3518,"Vadász                 ","utca       ","Pereces",0,,0,
3519,"Vadgalamb              ","utca       ","Tapolca",0,,0,
3508,"Vadrózsa               ","utca",,0,,0,
3527,"Vágóhíd                ","utca",,0,,0,
3534,"Vájár                  ","utca",,0,,0,
3535,"Vajda János            ","utca",,0,,0,
3527,"Váltó                  ","utca",,0,,0,
3529,"Váncza Mihály          ","utca",,0,,0,
3534,"Vár                    ","utca",,0,,0,
3519,"Váradi                 ","utca       ","Tapolca",0,,0,
3533,"Varga oldal",,,0,,0,
3519,"Várhegy                ","utca       ","Tapolca",0,,0,
3530,"Városház               ","tér",,0,,0,
3532,"Vas                    ","utca",,0,,0,
3534,"Vas Gereben            ","utca",,0,,0,
3517,"Vásárhelyi István      ","utca       ","Lillafüred",0,,0,
3527,"Vásárhelyi Pál         ","utca",,0,,0,
3527,"Vásártéri              ","utca",,0,,0,
3532,"Vasgyári               ","utca",,0,,0,
3533,"Vasöntő                ","utca",,0,,0,
3518,"Vasút                  ","utca       ","Pereces",0,,0,
3529,"Vasvári Pál            ","utca",,0,,0,
3535,"Vasverő                ","utca",,0,,0,
3531,"Vászonfehérítő         ","utca",,0,,0,
3529,"Vécsey Károly          ","utca",,0,,0,
3528,"Velence                ","utca",,0,,0,
3529,"Venyige                ","utca",,0,,0,
3527,"Vereckei               ","utca",,0,,0,
3519,"Verne Gyula            ","utca       ","Tapolca",0,,0,
3534,"Verseny                ","utca",,0,,0,
3529,"Vezér                  ","utca",,0,,0,
3527,"Vikend                 ","telep",,0,,0,
3508,"Világ                  ","utca",,0,,0,
3534,"Vince                  ","utca",,0,,0,
3519,"Viola                  ","utca       ","Tapolca",0,,0,
3532,"Virág                  ","utca",,0,,0,
3528,"Visó                   ","utca",,0,,0,
3527,"Vitéz                  ","utca",,0,,0,
3516,"Vizirózsa              ","utca       ","Görömböly",0,,0,
3525,"Vologda                ","utca",,0,,0,
3533,"Völgy","utca",,0,,0,
3534,"Vörös                  ","utca",,0,,0,
3533,"Vörös Bérc             ","utca",,0,,0,
3530,"Vörösmarty Mihály      ","utca",,0,,0,
3531,"Wesselényi Miklós      ","utca",,0,,0,
3528,"Zagyva                 ","utca",,0,,0,
3528,"Zala                   ","utca",,0,,0,
3530,"Zamenhof               ","utca",,0,,0,
3519,"Zárda                  ","utca       ","Tapolca",0,,0,
3508,"Zászló                 ","utca",,0,,0,
3519,"Zempléni               ","utca",,0,,0,
3534,"Zenta                  ","utca",,0,,0,
3527,"Zielinsky Szilárd      ","utca",,0,,0,
3519,"Zilahi                 ","utca       ","Tapolca",0,,0,
3532,"Zoltán                 ","utca",,0,,0,
3519,"Zólyomi                ","utca       ","Tapolca",0,,0,
3526,"Zombori                ","utca",,0,,0,
3529,"Zrínyi Ilona           ","utca",,-3,,0,
3530,"Zrínyi Ilona           ","utca",,1,,15,
3530,"Zrínyi Ilona           ","utca",,2,,14,
3528,"Zsedényi Béla          ","utca",,0,,0,
3527,"Zsigmondi Vilmos       ","utca",,0,,0,
3530,"Zsolcai                ","sor",,0,,0,
3526,"Zsolcai kapu","kapu",,-1,,0,
3527,"Zsolcai kapu","kapu",,-2,,0,
