"IRSZ.","CíMHELY NEVE","JELLEGE","VÁROSRÉSZ","1.SZÁM","1.JEL","2.SZÁM","2.JEL"
7622,"48-as","tér",,0,,0,
7691,"A.                  ","utca","Vasas",0,,0,
7635,"Abaligeti           ","út",,0,,0,
7633,"Acsády Ignác        ","utca",,0,,0,
7626,"Ady Endre           ","utca",,0,,0,
7634,"Áfonya","utca",,0,,0,
7632,"Ág                  ","utca",,0,,0,
7628,"Agancs","dülő",,0,,0,
7625,"Ágoston             ","tér",,0,,0,
7625,"Ágota               ","utca",,0,,0,
7632,"Aidinger János      ","út",,0,,0,
7633,"Ajtósi Dürer        ","utca",,0,,0,
7632,"Akác                ","utca",,0,,0,
7636,"Akácfa","köz",,0,,0,
7636,"Akácfa              ","dűlő",,0,,0,
7636,"Akácos              ","sor",,0,,0,
7629,"Aknász              ","utca",,0,,0,
7634,"Akó                 ","dűlő",,0,,0,
7624,"Alajos              ","utca",,0,,0,
7627,"Aligvárom           ","dűlő",,0,,0,
7623,"Alkony              ","utca",,0,,0,
7630,"Alkotás             ","utca",,0,,0,
7624,"Alkotmány           ","utca",,0,,0,
7635,"Állatkert",,,0,,0,
7634,"Állomás             ","utca",,0,,0,
7630,"Álmos               ","utca",,0,,0,
7633,"Alpári Gyula        ","utca",,0,,0,
7636,"Alsó                ","utca",,0,,0,
7626,"Alsóbalokány        ","utca",,0,,0,
7627,"Alsógyükési          ","út",,0,,0,
7626,"Alsóhavi            ","utca",,0,,0,
7634,"Alsó-Hegyi           ","dűlő",,0,,0,
7635,"Alsómakár           ","dűlő",,0,,0,
7622,"Alsó-malom          ","utca",,0,,0,
7627,"András              ","utca",,0,,0,
7630,"Andrássy            ","út",,0,,0,
7624,"Angster József      ","utca",,0,,0,
7635,"Ángyán János        ","utca",,0,,0,
7632,"Anikó               ","utca",,0,,0,
7621,"Anna                ","utca",,0,,0,
7625,"Antal               ","utca",,0,,0,
7625,"Antónia             ","utca",,0,,0,
7635,"Ányos Pál           ","utca",,0,,0,
7621,"Apáca               ","utca",,0,,0,
7632,"Apácai Csere János  ","körtér",,0,,0,
7629,"Apafi           ","utca",,0,,0,
7625,"Aradi Vértanúk      ","útja",,0,,0,
7628,"Arany János         ","utca",,0,,0,
7635,"Aranyhegyi          ","dűlő",,0,,0,
7625,"Aranyoskút          ","tér",,0,,0,
7631,"Aranyvessző         ","utca",,0,,0,
7630,"Arasz               ","utca",,0,,0,
7632,"Árnyas              ","út",,0,,0,
7634,"Árok                ","dűlő",,0,,0,
7628,"Árpád               ","utca",,0,,0,
7628,"Árpádtető",,,0,,0,
7634,"Árvácska            ","utca",,0,,0,
7634,"Ászok               ","dűlő",,0,,0,
7634,"Aszú                ","dűlő",,0,,0,
7623,"Athinay             ","utca",,0,,0,
7628,"Átjáró","út",,0,,0,
7623,"Atléta              ","utca",,0,,0,
7628,"Átlós","köz",,0,,0,
7624,"Attila              ","utca",,0,,0,
7628,"Auróra              ","utca",,0,,0,
7627,"Avar                ","utca",,0,,0,
7691,"B.                  ","utca","Vasas",0,,0,
7625,"Babits Mihály       ","utca",,0,,0,
7622,"Bacsó Béla          ","utca",,0,,0,
7635,"Bagoly              ","dűlő",,0,,0,
7622,"Bajcsy-Zsilinszky   ","utca",,0,,0,
7634,"Bajmi               ","dűlő",,0,,0,
7634,"Bajmi               ","köz",,0,,0,
7634,"Bajmi-tető          ","dűlő",,0,,0,
7623,"Bajnok              ","utca",,0,,0,
7630,"Bajor","utca",,0,,0,
7629,"Balassa Bálint      ","utca",,0,,0,
7693,"Balázs malom        ",,"Hird",0,,0,
7635,"Bálics              ","dűlő",,0,,0,
7624,"Bálicsi             ","út",,2,,20,
7624,"Bálicsi             ","út",,1,,27,
7635,"Bálicsi             ","út",,29,,73,
7635,"Bálicsi             ","út",,20,"a",58,
7635,"Bálics-tető         ","dűlő",,0,,0,
7628,"Baltika             ","utca",,0,,0,
7633,"Bánki Donát         ","út",,0,,0,
7627,"Bánom","köz",,0,,0,
7627,"Bánomi              ","út",,0,,0,
7628,"Bánya               ","utca",,0,,0,
7627,"Bányász             ","utca",,0,,0,
7628,"Bányász vértanúk    ","útja",,0,,0,
7691,"Bányatelep          ","telep","Vasas",0,,0,
7630,"Bányavasút","utca",,0,,0,
7635,"Barackos","köz",,0,,0,
7635,"Barackos            ","út",,0,,0,
7624,"Barackvirág         ","utca",,0,,0,
7624,"Bárány              ","út",,0,,0,
7635,"Bárány tető",,,0,,0,
7634,"Baranya             ","utca",,0,,0,
7630,"Baranyavár          ","utca",,0,,0,
7691,"Barát","köz","Vasas",0,,0,
7628,"Barátság            ","utca",,0,,0,
7625,"Barátúr             ","utca",,0,,0,
7630,"Barázda","köz",,0,,0,
7630,"Barázda             ","utca",,0,,0,
7624,"Barbakán            ","tér",,0,,0,
7627,"Bártfa              ","utca",,0,,0,
7624,"Bartók Béla         ","utca",,0,,0,
7630,"Basamalom           ","dűlő",,0,,0,
7630,"Basamalom           ","út",,0,,0,
7621,"Bástya              ","utca",,0,,0,
7624,"Báthory             ","utca",,0,,0,
7634,"Batifejtő           ","utca",,0,,0,
7624,"Batsányi            ","utca",,0,,0,
7622,"Batthyány           ","utca",,0,,0,
7634,"Bázis","köz",,0,,0,
7634,"Bázis","út",,0,,0,
7632,"Béke                ","utca",,0,,0,
7626,"Béla                ","utca",,0,,0,
7691,"Bencze József       ","utca","Vasas",0,,0,
7634,"Benczúr             ","utca",,0,,0,
7636,"Benke               ","dűlő",,0,,0,
7621,"Bercsényi           ","utca",,0,,0,
7632,"Berek               ","utca",,0,,0,
7626,"Béri Balogh Ádám    ","utca",,0,,0,
7691,"Berkenyés           ","utca","Vasas",0,,0,
7633,"Berze Nagy János (Dr.)   ","utca",,0,,0,
7632,"Berzsenyi Dániel    ","utca",,0,,0,
7627,"Besenyő             ","utca",,0,,0,
7625,"Bessenyei           ","utca",,0,,0,
7691,"Bethlen Gábor       ","utca","Vasas",0,,0,
7634,"Bíbic","dülő",,0,,0,
7633,"Bihari János        ","utca",,0,,0,
7632,"Bimbó               ","utca",,0,,0,
7627,"Bittner Alajos      ","út",,0,,0,
7627,"Blaha Lujza         ","utca",,0,,0,
7630,"Bóbita","utca",,0,,0,
7629,"Bocskai             ","utca",,0,,0,
7635,"Bocskor","dülő",,0,,0,
7693,"Bodormán","utca","Hird",0,,0,
7635,"Bodzás              ","köz",,0,,0,
7628,"Bogádi              ","út",,0,,0,
7632,"Bogár               ","utca",,0,,0,
7634,"Bogár               ","dűlő",,0,,0,
7630,"Boglárka            ","utca",,0,,0,
7635,"Bokály              ","dűlő",,0,,0,
7632,"Bókay János         ","utca",,0,,0,
7627,"Bokor               ","utca",,0,,0,
7632,"Bokréta             ","utca",,0,,0,
7625,"Boldizsár           ","utca",,0,,0,
7632,"Boldog Özséb        ","utca",,0,,0,
7634,"Boldogasszony-völgy       ",,,0,,0,
7634,"Bolgár              ","köz",,0,,0,
7621,"Boltív              ","köz",,0,,0,
7632,"Bolyai Farkas       ","utca",,0,,0,
7623,"Bolygó              ","utca",,0,,0,
7630,"Bor                 ","utca",,0,,0,
7627,"Borbálatelep","telep",,0,,0,
7624,"Bornemissza Gergely ","utca",,0,,0,
7634,"Boróka              ","dűlő",,0,,0,
7631,"Boros               ","utca",,0,,0,
7632,"Boross István  (Dr.)      ","utca",,0,,0,
7634,"Borostyán           ","utca",,0,,0,
7628,"Borz","dülő",,0,,0,
7625,"Bosnyák             ","utca",,0,,0,
7624,"Boszorkány          ","út",,0,,0,
7628,"Botond              ","utca",,0,,0,
7691,"Bózsa István        ","utca","Vasas",0,,0,
7625,"Böckh János         ","utca",,0,,0,
7634,"Brassó              ","utca",,0,,0,
7628,"Bródy Sándor        ","utca",,0,,0,
7624,"Budai Nagy Antal    ","utca",,0,,0,
7630,"Budai Vám",,,0,,0,
7624,"Buday Dezső         ","utca",,0,,0,
7630,"Bulgár              ","utca",,0,,0,
7626,"Búza                ","tér",,0,,0,
7691,"Búzaberki           ","dűlő","Vasas",0,,0,
7691,"Búzakalász          ","utca","Vasas",0,,0,
7629,"Búzavirág           ","utca",,0,,0,
7630,"Buzsáki Imre        ","utca",,0,,0,
7635,"Bükkös-Tető",,,0,,0,
7691,"C.                  ","utca","Vasas",0,,0,
7627,"Cassian","utca",,0,,0,
7634,"Cikk-Cakk","utca",,0,,0,
7634,"Cincér              ","dűlő",,0,,0,
7630,"Cinege              ","dűlő",,0,,0,
7630,"Cinka Panna         ","utca",,0,,0,
7635,"Cinke               ","dűlő",,0,,0,
7634,"Cirfandli           ","utca",,0,,0,
7621,"Ciszterci           ","köz",,0,,0,
7621,"Citrom              ","utca",,0,,0,
7629,"Corvin              ","utca",,0,,0,
7630,"Csaba               ","utca",,0,,0,
7627,"Csákány             ","utca",,0,,0,
7632,"Csalogány           ","utca",,0,,0,
7634,"Csalogány           ","dűlő",,0,,0,
7634,"Csap                ","dűlő",,0,,0,
7634,"Csap                ","köz",,0,,0,
7691,"Csap                ","utca","Vasas",0,,0,
7628,"Csapó János         ","utca",,0,,0,
7627,"Csárda              ","utca",,0,,0,
7691,"Csarnok             ","köz","Vasas",0,,0,
7629,"Csekey István       ","utca",,0,,0,
7623,"Csend               ","utca",,0,,0,
7630,"Csengő","utca",,0,,0,
7634,"Cseralja            ","dűlő",,0,,0,
7634,"Cseralja            ","utca",,0,,0,
7628,"Cserbokros ","dülő",,0,,0,
7634,"Cserebogár          ","dűlő",,0,,0,
7634,"Cserebogár          ","köz",,0,,0,
7693,"Cseresznyés ","út","Hird",0,,0,
7635,"Cseresznyés         ","köz",,0,,0,
7635,"Cserfa              ","köz",,0,,0,
7635,"Cserfa              ","köz",,0,,0,
7635,"Cserfa              ","utca",,0,,0,
7631,"Cserge","dülő",,0,,0,
7634,"Cserkúti            ","út",,0,,0,
7628,"Csertető",,,0,,0,
7625,"Cserző              ","köz",,0,,0,
7631,"Csikor Kálmán       ","utca",,0,,0,
7626,"Csillag             ","utca",,0,,0,
7624,"Csillagvirág        ","utca",,0,,0,
7628,"Csille-köz              ",,,0,,0,
7636,"Csipke              ","utca",,0,,0,
7635,"Csobolyó","dülő",,0,,0,
7628,"Csók István         ","utca",,0,,0,
7635,"Csóka               ","dűlő",,0,,0,
7628,"Csokonai            ","utca",,0,,0,
7632,"Csontváry           ","utca",,0,,0,
7635,"Csoronika           ","dűlő",,0,,0,
7624,"Csortos Gyula       ","utca",,1,,3,
7624,"Csortos Gyula       ","utca",,2,,14,
7635,"Csortos Gyula       ","utca",,-3,,0,
7691,"Csósi               ","utca","Vasas",0,,0,
7627,"Csöpp               ","utca",,0,,0,
7635,"Csurgó              ","dűlő",,0,,0,
7635,"Csurgó              ","köz",,0,,0,
7635,"Csurgó-tető         ","dűlő",,0,,0,
7627,"Czerékvölgy",,,0,,0,
7622,"Czinderi            ","utca",,0,,0,
7691,"D.                  ","utca","Vasas",0,,0,
7630,"Dagály              ","utca",,0,,0,
7624,"Damjanich           ","utca",,0,,0,
7628,"Danitzpuszta","puszta",,0,,0,
7630,"Dankó Pista         ","utca",,0,,0,
7634,"Darázs              ","dűlő",,0,,0,
7623,"Dárda               ","utca",,0,,0,
7634,"Daru                ","dűlő",,0,,0,
7630,"Deák Ferenc         ","utca",,0,,0,
7627,"Debreceni Márton    ","utca",,0,,0,
7626,"Délibáb             ","utca",,0,,0,
7635,"Demokrácia          ","utca",,0,,0,
7634,"Denevér             ","dűlő",,0,,0,
7636,"Derék-réti          ","út",,0,,0,
7625,"Derkovits           ","utca",,0,,0,
7627,"Derűs               ","utca",,0,,0,
7632,"Diana               ","tér",,0,,0,
7631,"Dijasnyereg         ","út",,0,,0,
7622,"Diófa               ","utca",,0,,0,
7627,"Diós                ","dűlő",,0,,0,
7630,"Diósi               ","út",,0,,0,
7621,"Dischka Győző       ","utca",,0,,0,
7630,"Ditz-malom          ","utca",,0,,0,
7629,"Dobó István         ","utca",,0,,0,
7628,"Dobó Katalin        ","utca",,0,,0,
7628,"Dobogó              ","dűlő",,0,,0,
7622,"Dohány              ","utca",,0,,0,
7621,"Dóm                 ","tér",,0,,0,
7625,"Domb                ","utca",,0,,0,
7633,"Dombay János  (Dr.)       ","utca",,0,,0,
7625,"Domonkos            ","utca",,0,,0,
7635,"Donátus             ","köz",,0,,0,
7635,"Donátusi            ","út",,0,,0,
7634,"Dongó               ","dűlő",,0,,0,
7632,"Dóra                ","utca",,0,,0,
7627,"Dózsa György        ","utca",,0,,0,
7635,"Dömörkapui","út",,0,,0,
7627,"Dömörkapui","turistaház",,0,,0,
7626,"Dugonics            ","utca",,0,,0,
7634,"Dulimán             ","dűlő",,0,,0,
7634,"Dzsámi              ","utca",,0,,0,
7624,"Édesanyák           ","útja",,0,,0,
7630,"Edison              ","utca",,0,,0,
7634,"Éger                ","köz",,0,,0,
7634,"Égervölgy",,,0,,0,
7627,"Égett-hegyi         ","út",,0,,0,
7624,"Egres               ","utca",,0,,0,
7632,"Egressy             ","utca",,0,,0,
7628,"Egyenlőség","köz",,0,,0,
7628,"Egyenlőség          ","utca",,0,,0,
7626,"Egyetem             ","utca",,0,,0,
7630,"Előd                ","utca",,0,,0,
7626,"Endre               ","utca",,0,,0,
7633,"Endresz György      ","utca",,0,,0,
7630,"Engel János József  ","utca",,0,,0,
7632,"Enyezd              ","út",,0,,0,
7630,"Eozin               ","utca",,0,,0,
7621,"Eötvös              ","utca",,0,,0,
7630,"Eper                ","utca",,0,,0,
7628,"Eperfás             ","út",,0,,0,
7623,"Eperjes             ","utca",,0,,0,
7633,"Építők              ","útja",,0,,0,
7635,"Epres               ","köz",,0,,0,
7634,"Ércbányász          ","utca",,0,,0,
7632,"Erdei Ferenc        ","utca",,0,,0,
7632,"Erdély              ","utca",,0,,0,
7635,"Erdész              ","köz",,0,,0,
7635,"Erdész              ","utca",,0,,0,
7691,"Erdőalja            ","utca","Vasas",0,,0,
7632,"Erika               ","utca",,0,,0,
7633,"Erkel Ferenc        ","utca",,0,,0,
7623,"Erreth Lajos        ","utca",,0,,0,
7626,"Erzsébet            ","utca",,0,,0,
7623,"Est                 ","utca",,0,,0,
7632,"Északmegyer         ","dűlő",,0,,0,
7624,"Esze Tamás          ","utca",,0,,0,
7632,"Eszék               ","utca",,0,,0,
7628,"Eszperantó          ","utca",,0,,0,
7632,"Esztergályos János  ","utca",,0,,0,
7633,"Esztergár Lajos     ","utca",,0,,0,
7632,"Etelka              ","utca",,0,,0,
7622,"Európa","tér",,0,,0,
7632,"Éva                 ","utca",,0,,0,
7634,"Ezerjó              ","dűlő",,0,,0,
7631,"Ezis                ","utca",,0,,0,
7635,"Fábián Béla         ","köz",,0,,0,
7635,"Fábián Béla         ","utca",,0,,0,
7635,"Fácán               ","dűlő",,0,,0,
7631,"Fagyal              ","utca",,0,,0,
7636,"Fagyöngy            ","utca",,0,,0,
7633,"Faludi Ferenc       ","utca",,0,,0,
7626,"Farkas István       ","utca",,0,,0,
7630,"Fátyol              ","utca",,0,,0,
7636,"Fáy András          ","utca",,0,,0,
7632,"Fazekas Mihály      ","utca",,0,,0,
7635,"Fecske              ","dűlő",,0,,0,
7629,"Fehérhegyi          ","út",,0,,0,
7628,"Fehérkúti","turistaház",,0,,0,
7629,"Feitig Imre         ","utca",,0,,0,
7624,"Fejér Lipót         ","utca",,0,,0,
7628,"Fejlődés            ","utca",,0,,0,
7635,"Fekete              ","utca",,0,,0,
7629,"Fekete Gyémánt      ","tér",,0,,0,
7630,"Feketerigó          ","utca",,0,,0,
7634,"Felhő               ","utca",,0,,0,
7621,"Fellbach","tér",,0,,0,
7623,"Fellbach","utca",,0,,0,
7636,"Felső               ","utca",,0,,0,
7626,"Felsőbalokány       ","utca",,0,,0,
7627,"Felsőgyükés         ","dűlő",,0,,0,
7627,"Felsőgyükési        ","út",,0,,0,
7625,"Felsőhavi           ","utca",,0,,0,
7627,"Felsőhavi           ","dűlő",,0,,0,
7628,"Felső-homok","dülő",,0,,0,
7635,"Felsőmakár          ","dűlő",,0,,0,
7621,"Felsőmalom          ","utca",,0,,0,
7626,"Felsővámház         ","utca",,0,,0,
7636,"Fenyer              ","dűlő",,0,,0,
7691,"Fenyő               ","utca","Vasas",0,,0,
7635,"Fenyves             ","sor",,0,,0,
7625,"Ferenc              ","utca",,0,,0,
7621,"Ferencesek          ","utcája",,-1,,0,
7624,"Ferencesek          ","utcája",,-2,,0,
7630,"Finn","utca",,0,,0,
7626,"Fischer Béla        ","utca",,0,,0,
7621,"Flórián             ","tér",,0,,0,
7627,"Flórián             ","utca",,0,,0,
7634,"Fogadó              ","utca",,0,,0,
7624,"Fogaras             ","utca",,0,,0,
7635,"Fogoly              ","dűlő",,0,,0,
7624,"Forbát Alfréd       ","utca",,0,,0,
7635,"Forduló","köz",,0,,0,
7634,"Forrás              ","dűlő",,0,,0,
7628,"Fosztó-Völgyi","út",,0,,0,
7631,"Fő                  ","tér",,0,,0,
7634,"Fő                  ","utca",,0,,0,
7632,"Földes Ferenc       ","utca",,0,,0,
7630,"Francia ","utca",,0,,0,
7629,"Frankel Leó         ","utca",,0,,0,
7635,"Füge                ","dűlő",,0,,0,
7634,"Fülemüle            ","utca",,0,,0,
7632,"Fülep Lajos         ","utca",,0,,0,
7621,"Fürdő               ","utca",,0,,0,
7630,"Fürj                ","utca",,0,,0,
7635,"Fürkész","dülő",,0,,0,
7634,"Fürt                ","dűlő",,0,,0,
7628,"Füst                ","utca",,0,,0,
7631,"Füzes               ","dűlő",,0,,0,
7622,"Fűzfa               ","utca",,0,,0,
7691,"Gabona              ","utca","Vasas",0,,0,
7621,"Gábor               ","utca",,0,,0,
7629,"Gábor Áron          ","utca",,0,,0,
7636,"Gadó                ","utca",,0,,0,
7634,"Galagonya           ","dűlő",,0,,0,
7632,"Galamb              ","utca",,0,,0,
7628,"Gálic","dülő",,0,,0,
7623,"Garay János         ","utca",,0,,0,
7632,"Gárdonyi Géza       ","utca",,0,,0,
7625,"Gáspár              ","utca",,0,,0,
7691,"Gát                 ","utca","Vasas",0,,0,
7625,"Gebauer Ernő        ","utca",,0,,0,
7634,"Gém                 ","utca",,0,,0,
7634,"Gerbera             ","utca",,0,,0,
7625,"Gergely             ","utca",,0,,0,
7630,"Gerle               ","utca",,0,,0,
7627,"Gesztenyés          ","dűlő",,0,,0,
7627,"Gesztenyés          ","utca",,0,,0,
7630,"Géza                ","utca",,0,,0,
7623,"Gizella             ","utca",,0,,0,
7621,"Goldmark Károly     ","utca",,0,,0,
7635,"Gólya               ","dűlő",,0,,0,
7630,"Gomba               ","utca",,0,,0,
7628,"Gorkij              ","utca",,0,,0,
7633,"Gosztonyi Gyula     ","utca",,0,,0,
7627,"Gödör               ","utca",,0,,0,
7628,"Gödrös ","dülő",,0,,0,
7635,"Görbe               ","dűlő",,0,,0,
7628,"Görgey Artúr        ","utca",,0,,0,
7621,"Graz","tér",,0,,0,
7628,"Grőbel Emil","utca",,0,,0,
7691,"Gubér               ","köz","Vasas",0,,0,
7630,"Gyár                ","utca",,0,,0,
7628,"Gyep","dülő",,0,,0,
7631,"Gyík                ","utca",,0,,0,
7625,"Gyopár              ","utca",,0,,0,
7622,"Gyöngy              ","utca",,0,,0,
7632,"Gyöngyös            ","utca",,0,,0,
7630,"Gyöngyösi István    ","utca",,0,,0,
7634,"Gyöngyvirág         ","utca",,0,,0,
7625,"György              ","utca",,0,,0,
7628,"György-akna",,,0,,0,
7628,"Györgytelep",,,0,,0,
7630,"Gyula               ","utca",,0,,0,
7632,"Gyulai Pál          ","utca",,0,,0,
7627,"Gyükés              ","köz",,0,,0,
7624,"Gyümölcs            ","utca",,0,,0,
7625,"Haas Mihály         ","tér",,0,,0,
7693,"Hadik András        ","utca","Hird",0,,0,
7691,"Hajadon             ","utca","Vasas",0,,0,
7636,"Hajlat              ","utca",,0,,0,
7631,"Hajmási             ","út",,0,,0,
7627,"Hajnal              ","utca",,0,,0,
7634,"Hajnalka            ","utca",,0,,0,
7633,"Hajnóczy            ","út",,0,,0,
7621,"Hal                 ","tér",,0,,0,
7623,"Hal József (Dr.)         ","utca",,0,,0,
7693,"Haladás             ","utca","Hird",0,,0,
7626,"Halász              ","utca",,0,,0,
7630,"Hamvas              ","utca",,0,,0,
7634,"Hangya              ","dűlő",,0,,0,
7628,"Hannebeck Frigyes","utca",,0,,0,
7693,"Harangláb           ","utca","Hird",0,,0,
7626,"Harangöntő          ","utca",,0,,0,
7631,"Harangszó           ","utca",,0,,0,
7693,"Harangvirág         ","utca","Hird",0,,0,
7623,"Hargita             ","utca",,0,,0,
7635,"Harkály             ","dűlő",,0,,0,
7693,"Hármashegy          ","utca","Hird",0,,0,
7634,"Harmat              ","köz",,0,,0,
7627,"Hársfa              ","út",,1,,255,
7627,"Hársfa              ","út",,2,,152,
7629,"Hársfa              ","út",,-3,,0,
7691,"Határ               ","utca","Vasas",0,,0,
7628,"Határőr             ","utca",,0,,0,
7625,"Hatház              ","utca",,0,,0,
7635,"Hattyú              ","utca",,0,,0,
7631,"Havas               ","utca",,0,,0,
7627,"Havi                ","dűlő",,0,,0,
7625,"Havihegy            ","utca",,0,,0,
7627,"Havi-hegyi          ","út",,0,,0,
7630,"Hegedűs János","utca",,0,,0,
7629,"Hegedűs Mihály      ","utca",,0,,0,
7625,"Hegyalja            ","utca",,0,,0,
7628,"Hegyes","köz",,0,,0,
7634,"Hegymeg             ","dűlő",,0,,0,
7628,"Hegy-mezői","út",,0,,0,
7623,"Heim Pál (Dr.)           ","utca",,0,,0,
7634,"Héja                ","dűlő",,0,,0,
7630,"Hengermalom         ","utca",,0,,0,
7628,"Hérics","dülő",,0,,0,
7624,"Hermann Ottó        ","utca",,0,,0,
7634,"Hetesi              ","köz",,0,,0,
7627,"Hétvezér            ","utca",,0,,0,
7627,"Hideg-Völgyi               ","út",,0,,0,
7693,"Hirdi               ","utca","Vasas",0,,0,
7626,"Hold                ","utca",,0,,0,
7635,"Holló               ","dűlő",,0,,0,
7624,"Homok               ","utca",,0,,0,
7693,"Homokbánya          ",,"Hird",0,,0,
7628,"Homokgödör","dülő",,0,,0,
7634,"Homokkő             ","utca",,0,,0,
7628,"Homoktető","utca",,0,,0,
7628,"Homokvölgy          ","utca",,0,,0,
7624,"Honvéd              ","utca",,0,,0,
7628,"Honvéd              ","köz",,0,,0,
7632,"Honvéd              ","tér",,0,,0,
7634,"Hordós              ","dűlő",,0,,0,
7631,"Horgas              ","utca",,0,,0,
7634,"Horhos              ","dűlő",,0,,0,
7631,"Hórukk              ","domb",,0,,0,
7631,"Horvát-földi        ","dűlő",,0,,0,
7631,"Hosszú-földi        ","utca",,0,,0,
7634,"Hóvirág             ","utca",,0,,0,
7623,"Hőgyes Endre        ","utca",,0,,0,
7628,"Hősök               ","tere",,0,,0,
7630,"Huba                ","utca",,0,,0,
7628,"Hun                 ","utca",,0,,0,
7624,"Hungária            ","utca",,0,,0,
7621,"Hunyadi János       ","utca",,1,,9,
7621,"Hunyadi János       ","utca",,2,,8,
7625,"Hunyadi János       ","utca",,11,,87,
7625,"Hunyadi János       ","utca",,10,,90,
7635,"Hunyadi János       ","utca",,89,,97,
7634,"Hurok               ","utca",,0,,0,
7623,"Huszár              ","utca",,0,,0,
7630,"Hűvös","utca",,0,,0,
7628,"Ibolya              ","utca",,0,,0,
7623,"Ifjúmunkás          ","utca",,0,,0,
7624,"Ifjúság             ","útja",,0,,0,
7623,"Igló                ","utca",,0,,0,
7625,"Ignác               ","utca",,0,,0,
7632,"II.János Pál","út",,0,,0,
7630,"Íjász","utca",,0,,0,
7636,"Illyés Gyula        ","út",,0,,0,
7625,"Ilona               ","utca",,0,,0,
7623,"Indóház             ","tér",,0,,0,
7622,"Ipar                ","utca",,0,,0,
7691,"Iparos              ","utca","Vasas",0,,0,
7630,"Iparsziget","utca",,0,,0,
7621,"Irgalmasok          ","utcája",,0,,0,
7628,"Irinyi János        ","utca",,0,,0,
7625,"Irma                ","utca",,0,,0,
7691,"Iskola              ","köz","Vasas",0,,0,
7627,"Istenáldásvölgyi    ","út",,0,,0,
7625,"István              ","utca",,0,,0,
7628,"István-akna",,,0,,0,
7632,"Izabella            ","utca",,0,,0,
7634,"Jácint              ","utca",,0,,0,
7624,"Jakabhegyi          ","út",,1,,17,
7624,"Jakabhegyi          ","út",,2,,14,
7635,"Jakabhegyi          ","út",,-3,,0,
7621,"János               ","utca",,0,,0,
7621,"Janus Pannonius     ","utca",,0,,0,
7627,"Jász                ","utca",,0,,0,
7623,"Jászai Mari         ","utca",,0,,0,
7634,"Jázmin              ","utca",,0,,0,
7633,"Jedlik Ányos        ","utca",,0,,0,
7632,"Jegenyés            ","utca",,0,,0,
7622,"Jogász              ","utca",,0,,0,
7621,"Jókai               ","tér",,0,,0,
7621,"Jókai               ","utca",,1,,25,
7621,"Jókai               ","utca",,2,,10,
7622,"Jókai               ","utca",,-3,,0,
7623,"Jókai               ","utca",,12,,48,
7628,"Jószerencse         ","utca",,0,,0,
7621,"József              ","utca",,0,,0,
7623,"József Attila       ","utca",,0,,0,
7693,"József Attila       ","tér","Hird",0,,0,
7628,"Józsefháza",,,0,,0,
7625,"Juhász Gyula        ","utca",,0,,0,
7693,"Juhász Gyula        ","tér","Hird",0,,0,
7632,"Júlia               ","utca",,0,,0,
7624,"Jurisics Miklós     ","utca",,0,,0,
7634,"Kacs                ","dűlő",,0,,0,
7624,"Kacsóh Pongrác      ","utca",,0,,0,
7628,"Kacsoló","dülő",,0,,0,
7623,"Kaffka Margit       ","utca",,0,,0,
7630,"Kakukk              ","utca",,0,,0,
7627,"Kalapács            ","utca",,0,,0,
7625,"Kálmán              ","utca",,0,,0,
7625,"Kálvária            ","utca",,0,,0,
7623,"Kálvin              ","utca",,0,,0,
7632,"Kamilla             ","utca",,0,,0,
7634,"Kamilla             ","köz",,0,,0,
7623,"Kandó Kálmán        ","utca",,0,,0,
7631,"Kanizsai Dorottya   ","út",,0,,0,
7635,"Kantavári","erdészház",,0,,0,
7627,"Kanyar              ","utca",,0,,0,
7628,"Kápa","köz",,0,,0,
7634,"Kápolna","domb",,0,,0,
7693,"Kápolna             ","tér","Hird",0,,0,
7625,"Kaposvári           ","út",,0,,0,
7627,"Káposztásvölgyi     ","út",,0,,0,
7621,"Káptalan            ","utca",,0,,0,
7631,"Kaptató             ","utca",,0,,0,
7627,"Kapu","dülő",,0,,0,
7627,"Kapu","köz",,0,,0,
7630,"Karancs             ","utca",,0,,0,
7635,"Kardos úti            ","menedékház",,0,,0,
7634,"Karó                ","dűlő",,0,,0,
7632,"Karolina            ","utca",,0,,0,
7627,"Károly              ","tér",,0,,0,
7627,"Károly              ","utca",,0,,0,
7635,"Károlyi Mihály      ","utca",,0,,0,
7635,"Karvaly             ","dűlő",,0,,0,
7623,"Kassa               ","utca",,0,,0,
7632,"Kassák Lajos        ","utca",,0,,0,
7630,"Kastély","utca",,0,,0,
7626,"Katalin             ","utca",,0,,0,
7628,"Katona József       ","utca",,0,,0,
7630,"Katus","utca",,0,,0,
7621,"Kazinczy            ","utca",,0,,0,
7634,"Kecske              ","domb",,0,,0,
7628,"Kedves              ","utca",,0,,0,
7632,"Keleti kőhíd        ","dűlő",,0,,0,
7629,"Keller János        ","utca",,0,,0,
7636,"Kéméndi             ","sor",,0,,0,
7631,"Kemény Zsigmond     ","utca",,0,,0,
7693,"Kenderfonó          ","utca","Hird",0,,0,
7636,"Kenderföld          ","utca",,0,,0,
7628,"Kénes               ","út",,0,,0,
7633,"Kerényi Károly      ","utca",,0,,0,
7627,"Kert                ","utca",,0,,0,
7634,"Kertes              ","dűlő",,0,,0,
7632,"Kertész             ","utca",,0,,0,
7631,"Kertszéli           ","út",,0,,0,
7632,"Kertváros           ","utca",,0,,0,
7636,"Kerülő              ","út",,0,,0,
7634,"Keskeny             ","dűlő",,0,,0,
7632,"Keszüi              ","út",,0,,0,
7634,"Kétágú              ","utca",,0,,0,
7629,"Kígyó               ","utca",,0,,0,
7630,"Kilincs","utca",,0,,0,
7628,"Kinizsi             ","utca",,0,,0,
7631,"Kintye","dülő",,0,,0,
7621,"Király              ","utca",,1,,51,
7621,"Király              ","utca",,2,,48,
7626,"Király              ","utca",,-3,,0,
7636,"Kis                 ","utca",,0,,0,
7691,"Kis                 ","köz","Vasas",0,,0,
7630,"Kisbalokány         ","dűlő",,0,,0,
7625,"Kisboldogasszony    ","utca",,0,,0,
7635,"Kisdeindol","tető",,0,,0,
7635,"Kisdeindol          ","dűlő",,0,,0,
7635,"Kisdeindol          ","köz",,0,,0,
7635,"Kisdeindol-hegyhát  ","dűlő",,0,,0,
7635,"Kisdeindol-hegyhát  ","köz",,0,,0,
7635,"Kisdeindoli         ","út",,0,,0,
7621,"Kisfaludy Sándor    ","utca",,0,,0,
7621,"Kisflórián          ","utca",,0,,0,
7628,"Kisgyőr","iskola",,0,,0,
7629,"Kishegyi            ","dűlő",,0,,0,
7628,"Kiskerti","dülő",,0,,0,
7630,"Kiskőszeg           ","utca",,0,,0,
7634,"Kislőtér            ","utca",,0,,0,
7634,"Kis-máli            ","út",,0,,0,
7634,"Kismélyvölgy        ","dűlő",,0,,0,
7634,"Kismélyvölgy-hegyhát","dűlő",,0,,0,
7627,"Kispiricsizma       ","dűlő",,0,,0,
7631,"Kispostavölgy","tető",,0,,0,
7631,"Kispostavölgyi","út",,0,,0,
7636,"Kis-réti            ","út",,0,,0,
7626,"Kiss Ernő           ","utca",,0,,0,
7631,"Kiss János          ","utca",,0,,0,
7625,"Kiss József         ","utca",,0,,0,
7635,"Kisszkókó           ","dűlő",,0,,0,
7628,"Klapka              ","utca",,0,,0,
7624,"Klimó György        ","utca",,0,,0,
7624,"Kóczián Sándor      ","utca",,0,,0,
7634,"Kócsag              ","köz",,0,,0,
7634,"Kócsag              ","utca",,0,,0,
7624,"Kodály Zoltán       ","utca",,0,,0,
7634,"Kodó","dülő",,0,,0,
7632,"Kodolányi János     ","utca",,0,,0,
7630,"Koksz               ","utca",,0,,0,
7626,"Koller              ","utca",,0,,0,
7628,"Kolónia             ","utca",,0,,0,
7623,"Kolozsvár           ","utca",,0,,0,
7634,"Koma                ","dűlő",,0,,0,
7629,"Komjáth Aladár      ","utca",,0,,0,
7628,"Komlói              ","út",,-3,,0,
7629,"Komlói              ","út",,1,,69,
7629,"Komlói              ","út",,2,,58,
7622,"Kopács              ","utca",,0,,0,
7624,"Kórház              ","tér",,0,,0,
7627,"Kórház              ","utca",,0,,0,
7629,"Kormoskősor","sor",,0,,0,
7634,"Korsó               ","dűlő",,0,,0,
7634,"Korsó               ","utca",,0,,0,
7693,"Kosártanya          ","tanya","Hird",0,,0,
7621,"Kossuth             ","tér",,0,,0,
7693,"Kosztolányi Dezső   ","utca","Hird",0,,0,
7635,"Kotyogó             ","dűlő",,0,,0,
7634,"Kovács Béla         ","utca",,0,,0,
7634,"Kovácstelepi","sportpálya",,0,,0,
7628,"Kozári","vadászház",,0,,0,
7635,"Kőbánya             ","dűlő",,0,,0,
7691,"Kőbánya             ","utca","Vasas",0,,0,
7632,"Kőhíd","tér",,0,,0,
7635,"Kökényes            ","köz",,0,,0,
7639,"Kökénypuszta",,,0,,0,
7629,"Kölcsey Ferenc      ","utca",,0,,0,
7626,"Könyök              ","utca",,0,,0,
7627,"Körmöcz             ","utca",,0,,0,
7631,"Körömvirág          ","utca",,0,,0,
7629,"Kőrös               ","utca",,0,,0,
7633,"Kőrösi Csoma Sándor ","utca",,0,,0,
7635,"Körtés              ","köz",,0,,0,
7635,"Köves               ","köz",,0,,0,
7631,"Köves-földi         ","út",,0,,0,
7693,"Köveshegy           ","utca","Hird",0,,0,
7634,"Kővirág             ","utca",,0,,0,
7635,"Középdeindol        ","köz",,0,,0,
7635,"Középdeindol-hegyhát","út",,0,,0,
7635,"Középdeindoli       ","út",,0,,0,
7627,"Középgyükési        ","út",,0,,0,
7628,"Közép-hegy","dülő",,0,,0,
7635,"Középmakár          ","dűlő",,0,,0,
7632,"Közraktár           ","utca",,1,,7,
7633,"Közraktár           ","utca",,-3,,0,
7623,"Köztársaság         ","tér",,0,,0,
7632,"Krisztina           ","tér",,0,,0,
7628,"Krúdy Gyula         ","utca",,0,,0,
7691,"Kulcsos csárda      ",,"Vasas",0,,0,
7631,"Kultúrház           ","utca",,0,,0,
7627,"Kun                 ","utca",,0,,0,
7628,"Kunkori","köz",,0,,0,
7691,"Kút                 ","utca","Vasas",0,,0,
7635,"Kutas               ","köz",,0,,0,
7634,"Kutató              ","dűlő",,0,,0,
7691,"Kültelek (Vasas)       ",,"Vasas",0,,0,
7693,"Kültelek (Hird)          ",,"Hird",0,,0,
7622,"Külvárosi","pályaudvar",,0,,0,
7624,"Kürt                ","utca",,0,,0,
7632,"Lahti               ","utca",,0,,0,
7634,"Lajkó               ","köz",,0,,0,
7627,"Lámpásvölgyi        ","út",,0,,0,
7626,"Lánc                ","utca",,0,,0,
7634,"Lankás              ","út",,0,,0,
7622,"Laskó               ","utca",,0,,0,
7632,"László              ","utca",,0,,0,
7636,"Laufer              ","dűlő",,0,,0,
7633,"Lázár Vilmos        ","utca",,0,,0,
7691,"Legény              ","utca","Vasas",0,,0,
7622,"Légszeszgyár        ","utca",,0,,0,
7628,"Lehel               ","utca",,0,,0,
7628,"Lejtő","dülő",,0,,0,
7626,"Lenke               ","utca",,0,,0,
7635,"Lepke               ","dűlő",,0,,0,
7634,"Levendula           ","utca",,0,,0,
7691,"Liget               ","utca","Vasas",0,,0,
7634,"Liliom              ","utca",,0,,0,
7622,"Liszt Ferenc        ","utca",,0,,0,
7632,"Littke József       ","utca",,0,,0,
7632,"Lívia               ","utca",,0,,0,
7622,"Lokomotív           ","utca",,0,,0,
7632,"Lomb                ","utca",,0,,0,
7625,"Losonc              ","utca",,0,,0,
7633,"Lotz Károly         ","utca",,0,,0,
7623,"Lovarda             ","utca",,0,,0,
7631,"Lovász Pál          ","tér",,0,,0,
7623,"Lőcse               ","utca",,0,,0,
7632,"Lőtér               ","utca",,0,,0,
7634,"Lőtér               ","dűlő",,0,,0,
7633,"Lugos               ","utca",,0,,0,
7621,"Lyceum              ","utca",,0,,0,
7691,"M.                  ","utca","Vasas",0,,0,
7623,"Madách Imre         ","utca",,0,,0,
7633,"Madarász Viktor     ","utca",,0,,0,
7629,"Madas József        ","utca",,0,,0,
7625,"Magaslati           ","út",,0,,0,
7630,"Magtár","utca",,0,,0,
7625,"Magyar              ","utca",,0,,0,
7633,"Magyar Lajos        ","utca",,0,,0,
7634,"Magyarürögi         ","út",,2,,150,
7634,"Magyarürögi         ","út",,1,,179,
7635,"Magyarürögi         ","út",,-3,,0,
7626,"Major               ","utca",,0,,0,
7625,"Majorossy Imre  (Dr.)     ","utca",,-3,,0,
7621,"Majorossy Imre (Dr.)      ","utca",,1,,19,
7621,"Majorossy Imre (Dr.)      ","utca",,2,,16,
7625,"Majtényi Ferenc     ","utca",,0,,0,
7627,"Május 1.            ","utca",,0,,0,
7635,"Makár","tető",,0,,0,
7635,"Makár-tető           ","dűlő",,0,,0,
7634,"Makay István        ","út",,0,,0,
7634,"Makkos              ","dűlő",,0,,0,
7634,"Makra               ","dűlő",,0,,0,
7634,"Makra-tető          ","dűlő",,0,,0,
7691,"Máladó              ","utca","Vasas",0,,0,
7632,"Maléter Pál         ","út",,0,,0,
7624,"Málna               ","utca",,0,,0,
7634,"Malom-cseri         ","út",,0,,0,
7636,"Málom-hegyi         ","út",,0,,0,
7636,"Málomi              ","szőlőhegy",,0,,0,
7632,"Málomi              ","út",,0,,0,
7634,"Malomvölgy","völgy",,0,,0,
7636,"Malomvölgyi         ","út",,0,,0,
7634,"Mályva              ","utca",,0,,0,
7625,"Mandula             ","utca",,0,,0,
7635,"Mandulás            ","köz",,0,,0,
7631,"Mánfai","dülő",,0,,0,
7628,"Margit              ","utca",,0,,0,
7634,"Mária","köz",,0,,0,
7621,"Mária               ","utca",,0,,0,
7634,"Mária               ","dűlő",,0,,0,
7623,"Marosvásárhely      ","út",,0,,0,
7623,"Mártírok            ","útja",,0,,0,
7626,"Márton              ","utca",,0,,0,
7627,"Marx                ","út",,0,,0,
7627,"Matakovits          ","utca",,0,,0,
7630,"Matheovits Ferenc","út",,0,,0,
7631,"Mátyás Flórián      ","tér",,0,,0,
7621,"Mátyás király       ","utca",,0,,0,
7691,"Mázsaház            ","utca","Vasas",0,,0,
7625,"Mecsek              ","utca",,0,,0,
7635,"Mecsekszentkút",,,0,,0,
7635,"Mecsekszentkút","erdészház",,0,,0,
7636,"Mécsvirág           ","utca",,0,,0,
7635,"Meggyes             ","köz",,0,,0,
7624,"Meggyfa             ","utca",,0,,0,
7621,"Megye               ","köz",,0,,0,
7621,"Megye               ","utca",,0,,0,
7623,"Megyeri             ","tér",,0,,0,
7623,"Megyeri             ","út",,2,,46,
7623,"Megyeri             ","út",,1,,51,
7632,"Megyeri             ","út",,-3,,0,
7632,"Melinda             ","utca",,0,,0,
7628,"Mélyút","dülő",,0,,0,
7634,"Menta               ","dűlő",,0,,0,
7634,"Menta-köz",,,0,,0,
7625,"Menyhért            ","utca",,0,,0,
7634,"Meredek             ","dűlő",,0,,0,
7635,"Meredek             ","köz",,0,,0,
7691,"Mérleg","utca","Vasas",0,,0,
7628,"Mérő","köz",,0,,0,
7631,"Mester              ","utca",,0,,0,
7627,"Meszes              ","dűlő",,0,,0,
7630,"Mészkemence         ","utca",,0,,0,
7623,"Mezőszél            ","utca",,0,,0,
7634,"Mezsgye             ","dűlő",,0,,0,
7625,"Mihály              ","utca",,0,,0,
7624,"Mikes Kelemen       ","utca",,0,,0,
7625,"Miklós              ","utca",,0,,0,
7634,"Mikolai             ","út",,0,,0,
7625,"Mikszáth Kálmán     ","utca",,1,,19,
7625,"Mikszáth Kálmán     ","utca",,2,,20,
7635,"Mikszáth Kálmán     ","utca",,-3,,0,
7635,"Miléva              ","út",,0,,0,
7631,"Milinkó             ","dűlő",,0,,0,
7634,"Minda               ","utca",,0,,0,
7635,"Misina","tető",,0,,0,
7624,"Mogyorós            ","köz",,0,,0,
7630,"Mohácsi             ","út",,0,,0,
7630,"Mókus               ","utca",,0,,0,
7634,"Monostor            ","utca",,0,,0,
7632,"Móra Ferenc         ","utca",,0,,0,
7623,"Móré Fülöp          ","utca",,0,,0,
7622,"Móricz Zsigmond     ","tér",,0,,0,
7623,"Móricz Zsigmond     ","utca",,0,,0,
7621,"Munkácsy Mihály     ","utca",,0,,0,
7627,"Munkád              ","út",,0,,0,
7628,"Murci","dülő",,0,,0,
7634,"Muskátli            ","utca",,0,,0,
7627,"Muskotály           ","utca",,0,,0,
7634,"Muskotály           ","dűlő",,0,,0,
7634,"Must                ","dűlő",,0,,0,
7632,"Nagy Ferenc         ","tér",,0,,0,
7632,"Nagy Imre           ","út",,0,,0,
7624,"Nagy Jenő           ","utca",,0,,0,
7622,"Nagy Lajos          ","utca",,0,,0,
7622,"Nagy Lajos király   ","útja",,-3,,0,
7623,"Nagy Lajos király   ","útja",,1,,3,
7623,"Nagy Lajos király   ","útja",,2,,6,
7632,"Nagyárpádi          ","út",,0,,0,
7622,"Nagybalokány        ","dűlő",,0,,0,
7627,"Nagybányarétivölgy",,,0,,0,
7634,"Nagy-Berki","út",,0,,0,
7635,"Nagydeindol-hegyhát ","dűlő",,0,,0,
7635,"Nagydeindoli        ","utca",,0,,0,
7635,"Nagydeindol-köz     ","dűlő",,0,,0,
7635,"Nagydeindol-tető    ","dűlő",,0,,0,
7621,"Nagyflórián         ","utca",,0,,0,
7630,"Nagyhidi            ","út",,0,,0,
7630,"Nagykozári          ","út",,0,,0,
7634,"Nagy-máli           ","út",,0,,0,
7634,"Nagymegye           ","dűlő",,0,,0,
7627,"Nagymeszes          ","dűlő",,0,,0,
7631,"Nagypostavölgy alsó ",,,0,,0,
7631,"Nagypostavölgy felső",,,0,,0,
7631,"Nagypostavölgyi","út",,0,,0,
7623,"Nagyszeben          ","utca",,0,,0,
7635,"Nagyszkókó          ","köz",,0,,0,
7635,"Nagyszkókói         ","út",,0,,0,
7623,"Nagyvárad           ","utca",,0,,0,
7634,"Nagy-Zsebei         ","út",,0,,0,
7625,"Nap                 ","utca",,0,,0,
7630,"Napkelet","utca",,0,,0,
7631,"Naposdomb           ","utca",,0,,0,
7634,"Napsugár            ","utca",,0,,0,
7624,"Napvirág            ","utca",,0,,0,
7630,"Nárcisz             ","utca",,0,,0,
7634,"Nefelejcs           ","utca",,0,,0,
7634,"Nektár              ","köz",,0,,0,
7631,"Németh Béla         ","utca",,0,,0,
7632,"Németh László       ","utca",,0,,0,
7630,"Németh Márton","utca",,0,,0,
7629,"Nemzetőr            ","utca",,0,,0,
7633,"Nendtvich Andor     ","út",,0,,0,
7628,"Népfront            ","utca",,0,,0,
7636,"Neumann János","utca",,0,,0,
7691,"Nevelő              ","utca","Vasas",0,,0,
7630,"Nevesincs","utca",,0,,0,
7629,"Névtelen            ","utca",,0,,0,
7624,"Nyár                ","köz",,0,,0,
7624,"Nyár                ","utca",,0,,0,
7632,"Nyárfa              ","utca",,0,,0,
7630,"Nyáros","utca",,0,,0,
7625,"Nyíl                ","köz",,0,,0,
7625,"Nyíl                ","utca",,0,,0,
7622,"Nyírfa              ","utca",,0,,0,
7630,"Nyomda","utca",,0,,0,
7634,"Nyugati ipari       ","út",,0,,0,
7632,"Nyugati kőhíd       ","dűlő",,0,,0,
7625,"Nyúl                ","utca",,0,,0,
7635,"Oldal               ","dűlő",,0,,0,
7632,"Olga                ","utca",,0,,0,
7621,"Opris Péter","tér",,0,,0,
7632,"Orgona              ","utca",,0,,0,
7634,"Orom","köz",,0,,0,
7631,"Orom                ","utca",,0,,0,
7626,"Orsolya             ","utca",,0,,0,
7625,"Ótemető             ","utca",,0,,0,
7628,"Óvoda               ","utca",,0,,0,
7635,"Ökörszem            ","dűlő",,0,,0,
7628,"Őr-hegyi","út",,0,,0,
7634,"Örs                 ","utca",,0,,0,
7634,"Őszirózsa           ","utca",,0,,0,
7624,"Őz                  ","utca",,0,,0,
7628,"Őzgida","köz",,0,,0,
7631,"Paál László         ","utca",,0,,0,
7628,"Pacca","dülő",,0,,0,
7624,"Pacsirta            ","utca",,0,,0,
7633,"Páfrány             ","utca",,-1,,0,
7634,"Páfrány             ","utca",,-2,,0,
7691,"Pajtás              ","utca","Vasas",0,,0,
7630,"Palahegy            ","utca",,0,,0,
7630,"Pala-köz",,,0,,0,
7634,"Pálca               ","utca",,0,,0,
7634,"Pálma               ","utca",,0,,0,
7625,"Pálos               ","dűlő",,0,,0,
7632,"Pannónia            ","utca",,0,,0,
7635,"Panoráma","dülő",,0,,0,
7630,"Panoráma            ","utca",,0,,0,
7629,"Papkert             ","utca",,0,,0,
7621,"Papnövelde","köz",,0,,0,
7621,"Papnövelde          ","utca",,0,,0,
7634,"Parány              ","utca",,0,,0,
7691,"Parcsin             ","utca","Vasas",0,,0,
7634,"Park                ","utca",,0,,0,
7634,"Parlag              ","dűlő",,0,,0,
7634,"Pásztor-föld",,,0,,0,
7635,"Páva                ","dűlő",,0,,0,
7634,"Pázmány Péter       ","utca",,0,,0,
7693,"Pázsit              ","utca","Hird",0,,0,
7633,"Péchy Blanka        ","tér",,0,,0,
7627,"Pécsbányatelepi","út",,0,,0,
7628,"Pécsváradi          ","út",,-3,,0,
7630,"Pécsváradi          ","út",,1,,25,
7630,"Pécsváradi          ","út",,2,,10,
7628,"Pék                 ","sor",,0,,0,
7634,"Pelikán             ","dűlő",,0,,0,
7634,"Pellérdi            ","út",,0,,0,
7630,"Pélmonostor         ","utca",,0,,0,
7621,"Perczel Miklós            ","utca",,0,,0,
7628,"Perényi             ","utca",,0,,0,
7631,"Pergekarli          ","dűlő",,0,,0,
7691,"Pernecker István    ","utca","Vasas",0,,0,
7629,"Perr Viktor         ","utca",,0,,0,
7631,"Persely             ","út",,0,,0,
7639,"Péter","puszta",,0,,0,
7625,"Péter               ","utca",,0,,0,
7623,"Petőfi              ","utca",,-3,,0,
7624,"Petőfi              ","utca",,1,,27,
7624,"Petőfi              ","utca",,2,,8,
7691,"Petőfi akna         ",,"Vasas",0,,0,
7622,"Piac                ","tér",,0,,0,
7628,"Picurka ","köz",,0,,0,
7634,"Pillangó            ","dűlő",,0,,0,
7634,"Pince               ","sor",,0,,0,
7628,"Pincemester","dülő",,0,,0,
7628,"Pincemester","köz",,0,,0,
7628,"Pincér","dülő",,0,,0,
7635,"Pinty               ","dűlő",,0,,0,
7622,"Pipacs              ","utca",,0,,0,
7630,"Pipitér","út",,0,,0,
7627,"Piroska             ","utca",,0,,0,
7635,"Pityóka","köz",,0,,0,
7634,"Platán              ","köz",,0,,0,
7634,"Platán              ","utca",,0,,0,
7636,"Polgárszőlő         ","utca",,0,,0,
7633,"Pollack Mihály      ","utca",,0,,0,
7693,"Pór Bertalan        ","utca","Hird",0,,0,
7627,"Pósa Lajos          ","utca",,0,,0,
7631,"Postamester         ","utca",,0,,0,
7631,"Postavölgyi         ","út",,0,,0,
7634,"Prés                ","dűlő",,0,,0,
7630,"Présház             ","utca",,0,,0,
7691,"Puskás Tivadar      ","utca","Vasas",0,,0,
7627,"Puskin              ","tér",,0,,0,
7635,"Puskin              ","utca",,0,,0,
7691,"R.                  ","utca","Vasas",0,,0,
7634,"Rácváros Előtt","egyéb",,0,,0,
7634,"Rácvárosi","út",,0,,0,
7624,"Radnics             ","utca",,0,,0,
7633,"Radnóti Miklós      ","utca",,0,,0,
7632,"Rakéta              ","utca",,0,,0,
7621,"Rákóczi             ","út",,1,,67,
7621,"Rákóczi             ","út",,44,,72,
7622,"Rákóczi             ","út",,-3,,0,
7623,"Rákóczi             ","út",,2,,42,
7626,"Rákóczi             ","út",,69,,77,
7627,"Rákos Lajos         ","utca",,0,,0,
7632,"Regina              ","utca",,0,,0,
7631,"Remény","puszta",,0,,0,
7630,"Remény              ","utca",,0,,0,
7627,"Rengeteg            ","utca",,0,,0,
7634,"Repkény","dülő",,0,,0,
7623,"Rét                 ","utca",,0,,0,
7631,"Rétszél","utca",,0,,0,
7635,"Rezeda ","dülő",,0,,0,
7630,"Rezgő               ","utca",,0,,0,
7630,"Rigó                ","utca",,0,,0,
7627,"Rigóder             ","út",,0,,0,
7627,"Rigóderalja         ","utca",,0,,0,
7626,"Rippl-Rónai         ","utca",,0,,0,
7634,"Rizling             ","dűlő",,0,,0,
7624,"Rodostó             ","utca",,0,,0,
7630,"Róka                ","utca",,0,,0,
7624,"Rókus               ","utca",,0,,0,
7624,"Rókusalja           ","utca",,0,,0,
7634,"Rozmaring           ","utca",,0,,0,
7632,"Rózsa               ","utca",,0,,0,
7635,"Rózsahegyi","út",,0,,0,
7635,"Rózsa-völgyi","út",,0,,0,
7691,"Rücker akna         ",,"Vasas",0,,0,
7691,"S.                  ","utca","Vasas",0,,0,
7624,"Sáfrány             ","utca",,0,,0,
7630,"Ságvári Endre       ","utca",,0,,0,
7624,"Sánc                ","utca",,0,,0,
7626,"Sándor              ","utca",,0,,0,
7634,"Sárgarigó           ","dűlő",,0,,0,
7634,"Sarkantyú           ","utca",,0,,0,
7634,"Sárkánytorok",,,0,,0,
7628,"Sarkos","dülő",,0,,0,
7627,"Sarló               ","utca",,0,,0,
7634,"Sármány             ","dűlő",,0,,0,
7632,"Sarolta             ","utca",,0,,0,
7634,"Sársom-völgy              ",,,0,,0,
7635,"Sas                 ","dűlő",,0,,0,
7691,"Sas                 ","utca","Vasas",0,,0,
7634,"Sáska               ","dűlő",,0,,0,
7630,"Schroll József","utca",,0,,0,
7630,"Schroll József","út",,0,,0,
7627,"Sellő               ","utca",,0,,0,
7627,"Selmecz             ","utca",,0,,0,
7623,"Semmelweis          ","utca",,0,,0,
7635,"Seregély            ","dűlő",,0,,0,
7627,"Sétatér             ","utca",,0,,0,
7622,"Siklósi             ","út",,1,,95,
7622,"Siklósi             ","út",,6,,54,
7632,"Siklósi             ","út",,-3,,0,
7634,"Sirály              ","köz",,0,,0,
7634,"Sirály              ","utca",,0,,0,
7635,"Sólyom              ","dűlő",,0,,0,
7625,"Somfa               ","utca",,1,,7,
7625,"Somfa               ","utca",,2,,6,
7635,"Somfa               ","utca",,-3,,0,
7691,"Somogy              ","utca","Vasas",0,,0,
7622,"Somogyi Béla        ","utca",,0,,0,
7691,"Somoska             ","utca","Vasas",0,,0,
7627,"Sorház              ","utca",,0,,0,
7630,"Sövény              ","utca",,0,,0,
7622,"Sport               ","utca",,0,,0,
7693,"Sportpálya          ",,"Hird",0,,0,
7633,"Stadion             ","utca",,0,,0,
7624,"Steimetz kapitány   ","tér",,0,,0,
7628,"Sudár István        ","utca",,0,,0,
7625,"Surányi Miklós      ","út",,0,,0,
7634,"Sülevölgy           ",,,0,,0,
7693,"Szabadföld          ","utca","Hird",0,,0,
7623,"Szabadság           ","utca",,0,,0,
7628,"Szabadságharc       ","utca",,0,,0,
7634,"Szabártos           ","utca",,0,,0,
7632,"Szabó Ervin         ","tér",,0,,0,
7628,"Szabó István        ","utca",,-3,,0,
7629,"Szabó István        ","utca",,1,,41,
7629,"Szabó István        ","utca",,2,,28,
7623,"Szabó József        ","utca",,0,,0,
7628,"Szabolcs Emlékpark",,,0,,0,
7628,"Szabolcs-Hegyi","út",,0,,0,
7628,"Szabolcsi","szőlőhegy",,0,,0,
7628,"Szabolcsi           ","út",,-3,,0,
7629,"Szabolcsi           ","út",,1,,23,
7629,"Szabolcsi           ","út",,2,,24,
7628,"Szabolcsi alsóhegy",,,0,,0,
7628,"Szabolcsi felsőhegy",,,0,,0,
7628,"Szabolcsi középhegy",,,0,,0,
7634,"Szajkó              ","utca",,0,,0,
7634,"Szalonka            ","dűlő",,0,,0,
7635,"Szamóca             ","dűlő",,0,,0,
7635,"Szaniszló           ","út",,0,,0,
7633,"Szántó Kovács János ","utca",,0,,0,
7627,"Szántó László       ","utca",,0,,0,
7632,"Szántó Tibor        ","utca",,0,,0,
7635,"Szarka              ","dűlő",,0,,0,
7635,"Szarka              ","köz",,0,,0,
7634,"Szarkaláb           ","utca",,0,,0,
7635,"Szarvas             ","dűlő",,0,,0,
7693,"Szatmáry György     ","utca","Hird",0,,0,
7636,"Szaturnusz          ","utca",,0,,0,
7636,"Szaturnusz          ","utca",,0,,0,
7634,"Százszorszép        ","utca",,0,,0,
7627,"Széchenyi","akna",,0,,0,
7621,"Széchenyi           ","tér",,0,,0,
7627,"Szeder              ","utca",,0,,0,
7634,"Szederinda","köz",,0,,0,
7624,"Szegfű              ","utca",,0,,0,
7627,"Székely             ","utca",,0,,0,
7624,"Székely Bertalan    ","utca",,1,,85,
7624,"Székely Bertalan    ","utca",,2,,74,
7635,"Székely Bertalan    ","utca",,-3,,0,
7628,"Széles","út",,0,,0,
7634,"Szellő              ","utca",,0,,0,
7628,"Szélső","út",,0,,0,
7691,"Szemere Bertalan    ","utca","Vasas",0,,0,
7691,"Széna               ","utca","Vasas",0,,0,
7623,"Szendrey Júlia      ","utca",,0,,0,
7628,"Szénhordó","köz",,0,,0,
7628,"Szénispán","útja",,0,,0,
7631,"Szennyvíz","telep",,0,,0,
7627,"Szent Bertalan","út",,0,,0,
7628,"Szent Borbála","utca",,0,,0,
7632,"Szent Erzsébet      ","utca",,0,,0,
7621,"Szent István        ","tér",,2,,16,
7624,"Szent István        ","tér",,1,,21,
7621,"Szent Mór           ","utca",,0,,0,
7625,"Szentágothai János","sétány",,0,,0,
7636,"Szentegyház         ","utca",,0,,0,
7634,"Szentlőrinci        ","út",,0,,0,
7634,"Szentmiklós         ","dűlő",,0,,0,
7621,"Szepessy Ignác      ","utca",,0,,0,
7629,"Szeptember 6.       ","tér",,0,,0,
7629,"Sziebert Róbert     ","utca",,0,,0,
7624,"Szigeti             ","út",,-3,,0,
7633,"Szigeti             ","tanya",,0,,0,
7633,"Szigeti             ","út",,33,,85,
7634,"Szigeti Vám",,,0,,0,
7625,"Szikla              ","utca",,0,,0,
7635,"Sziklás             ","dűlő",,0,,0,
7693,"Sziklavár           ","utca","Hird",0,,0,
7623,"Szilágyi Dezső      ","utca",,0,,0,
7633,"Szilárd Leó","park",,0,,0,
7635,"Szilfa              ","köz",,0,,0,
7628,"Szil-réti","köz",,0,,0,
7632,"Szilva              ","utca",,0,,0,
7635,"Szilvás             ","köz",,0,,0,
7621,"Színház             ","tér",,0,,0,
7630,"Szirom              ","utca",,0,,0,
7631,"Szitakötő           ","utca",,0,,0,
7623,"Szív                ","utca",,0,,0,
7627,"Szivárvány          ","utca",,0,,0,
7635,"Szkókó-tető         ","dűlő",,0,,0,
7635,"Szkókó-tető         ","köz",,0,,0,
7629,"Szondy György       ","utca",,0,,0,
7630,"Szöcske             ","utca",,0,,0,
7634,"Szöcske             ","dűlő",,0,,0,
7634,"Szőlész","köz",,0,,0,
7634,"Szőlész             ","dűlő",,0,,0,
7625,"Szőlő               ","utca",,0,,0,
7628,"Szőlőfej","dülő",,0,,0,
7628,"Szőlőhegyi          ","út",,0,,0,
7633,"Szőnyi Ottó         ","utca",,0,,0,
7691,"Szövetkezet         ","utca","Vasas",0,,0,
7632,"Szövetség           ","utca",,0,,0,
7693,"Szövőgyár           ","utca","Hird",0,,0,
7632,"Sztárai Mihály      ","út",,0,,0,
7634,"Szúnyog             ","dűlő",,0,,0,
7635,"Szurdok             ","dűlő",,0,,0,
7635,"Szurdok             ","köz",,0,,0,
7624,"Szűk","utca",,0,,0,
7628,"Szüret              ","utca",,0,,0,
7624,"Tábor               ","köz",,0,,0,
7624,"Tábor               ","utca",,0,,0,
7624,"Taizs Mihály        ","utca",,0,,0,
7630,"Táltos              ","utca",,0,,0,
7632,"Táncsics Mihály     ","utca",,0,,0,
7628,"Tárna               ","utca",,0,,0,
7693,"Tátika              ","utca","Hird",0,,0,
7627,"Tátra               ","utca",,0,,0,
7624,"Tavasz              ","utca",,0,,0,
7630,"Téglaház            ","dűlő",,0,,0,
7629,"Teleki Blanka       ","utca",,0,,0,
7623,"Temesvár            ","utca",,0,,0,
7632,"Templom             ","tér",,0,,0,
7634,"Templom             ","köz",,0,,0,
7621,"Teréz               ","utca",,0,,0,
7623,"Terracina","tér",,0,,0,
7629,"Testvériség         ","utca",,0,,0,
7632,"Testvérvárosok      ","tere",,0,,0,
7631,"Tető                ","út",,0,,0,
7625,"Tettye              ","dűlő",,0,,0,
7625,"Tettye              ","tér",,0,,0,
7625,"Tettye              ","utca",,0,,0,
7628,"Thököly             ","út",,0,,0,
7624,"Tiborc              ","köz",,0,,0,
7624,"Tiborc              ","utca",,0,,0,
7632,"Tildy Zoltán        ","utca",,0,,0,
7621,"Tímár               ","utca",,0,,0,
7625,"Tinódi              ","utca",,0,,0,
7621,"Toldi Miklós        ","utca",,0,,0,
7628,"Tolnai József       ","utca",,0,,0,
7632,"Tolsztoj            ","utca",,0,,0,
7634,"Tompa               ","dűlő",,0,,0,
7623,"Tompa Mihály        ","utca",,0,,0,
7627,"Torda               ","utca",,0,,0,
7634,"Tortyogói","út",,0,,0,
7632,"Tölgyes             ","utca",,0,,0,
7635,"Tölgyfa             ","köz",,0,,0,
7693,"Tömörkény István    ","utca","Hird",0,,0,
7625,"Törekvés            ","utca",,0,,0,
7627,"Török               ","utca",,0,,0,
7635,"Török               ","köz",,0,,0,
7628,"Török István        ","utca",,0,,0,
7635,"Törpe               ","utca",,0,,0,
7623,"Tulipán             ","utca",,0,,0,
7693,"Túra                ","utca","Hird",0,,0,
7629,"Turini              ","utca",,0,,0,
7634,"Tücsök              ","dűlő",,0,,0,
7635,"Tüdőszanatórium",,,0,,0,
7635,"Tüke","utca",,0,,0,
7627,"Tündér              ","utca",,0,,0,
7633,"Türr István         ","utca",,0,,0,
7631,"Tüskés              ","dűlő",,0,,0,
7630,"Tüskésréti          ","utca",,2,,2,
7632,"Tüskésréti          ","utca",,-3,,0,
7623,"Tüzér               ","utca",,-3,,0,
7633,"Tüzér               ","utca",,1,,5,
7633,"Tüzér               ","utca",,2,,8,
7628,"Tűzoltó             ","utca",,0,,0,
7631,"Udvardi             ","út",,0,,0,
7634,"Ugar                ","dűlő",,0,,0,
7632,"Uitz Béla           ","utca",,0,,0,
7634,"Új fasor                ",,,0,,0,
7630,"Újhegyi","főtér",,0,,0,
7626,"Újvilág             ","utca",,0,,0,
7623,"Ungvár              ","utca",,0,,0,
7622,"Universitas         ","utca",,0,,0,
7633,"Uránbányász","tér",,0,,0,
7634,"Uzdóc               ","utca",,0,,0,
7623,"Űrhajós             ","utca",,0,,0,
7634,"Ürög","utca",,0,,0,
7634,"Ürögi","határút",,0,,0,
7634,"Ürögi               ","fasor",,0,,0,
7630,"Üszögi","út",,0,,0,
7630,"Üszögi kiserdő      ",,,0,,0,
7630,"Üszögi Víztároló",,,0,,0,
7630,"Üszögi-kiserdő","utca",,0,,0,
7630,"Üszögpuszta",,,0,,0,
7624,"Váczi Mihály        ","utca",,0,,0,
7626,"Vadász              ","utca",,1,,25,
7626,"Vadász              ","utca",,4,,8,
7627,"Vadász              ","utca",,-3,,0,
7634,"Vadrózsa            ","utca",,0,,0,
7627,"Vadvirág            ","utca",,0,,0,
7632,"Vágóhíd             ","utca",,0,,0,
7628,"Vájár               ","köz",,0,,0,
7629,"Vajda János         ","utca",,0,,0,
7630,"Vándor","utca",,0,,0,
7621,"Várady Antal        ","utca",,0,,0,
7622,"Vargha Damján       ","utca",,0,,0,
7635,"Varjú               ","dűlő",,0,,0,
7632,"Várkonyi Nándor     ","utca",,0,,0,
7621,"Városház            ","köz",,0,,0,
7632,"Varsány             ","utca",,0,,0,
7623,"Vas Gereben         ","utca",,0,,0,
7632,"Vásártér","utca",,0,,0,
7691,"Vasas               ","állomás","Vasas",0,,0,
7691,"Vasas I. bányatelep ","telep","Vasas",0,,0,
7691,"Vasas I. Külterület ",,"Vasas",0,,0,
7628,"Vasfű","dülő",,0,,0,
7691,"Vaskapu ","dűlő","Vasas",0,,0,
7622,"Vasút               ","utca",,0,,0,
7631,"Vasúti ","őrházak",,0,,0,
7622,"Vasvári Pál         ","utca",,0,,0,
7630,"Vendég","utca",,0,,0,
7634,"Venyige             ","dűlő",,0,,0,
7635,"Vércse              ","dűlő",,0,,0,
7634,"Veréb               ","dűlő",,0,,0,
7624,"Veres Péter         ","utca",,0,,0,
7633,"Veress Endre (Dr.)      ","utca",,0,,0,
7635,"Verőfény","utca",,0,,0,
7622,"Verseny             ","utca",,0,,0,
7627,"Veterán             ","utca",,0,,0,
7632,"Víg                 ","utca",,0,,0,
7631,"Vigadó              ","utca",,0,,0,
7632,"Viktória            ","utca",,0,,0,
7625,"Vilmos              ","utca",,0,,0,
7625,"Vince               ","utca",,0,,0,
7630,"Vincellér","utca",,0,,0,
7632,"Viola               ","utca",,0,,0,
7625,"Virág               ","utca",,0,,0,
7636,"Visnya Ernő         ","utca",,0,,0,
7635,"Vizes               ","dűlő",,0,,0,
7635,"Víztároló           ","dűlő",,0,,0,
7634,"Völgyi              ","dűlő",,0,,0,
7635,"Vörösbegy           ","dűlő",,0,,0,
7693,"Vöröshegy           ","utca","Hird",0,,0,
7626,"Vöröskereszt        ","utca",,0,,0,
7634,"Vöröskő             ","utca",,0,,0,
7621,"Vörösmarty          ","utca",,0,,0,
7632,"Wallenstein Zoltán  ","utca",,0,,0,
7628,"Wesselényi          ","utca",,0,,0,
7624,"Xavér               ","utca",,0,,0,
7633,"Ybl Miklós          ","utca",,0,,0,
7693,"Zámor               ","utca","Hird",0,,0,
7693,"Zengő               ","utca","Hird",0,,0,
7625,"Zerge               ","utca",,0,,0,
7628,"Zergevirág ","dülő",,0,,0,
7624,"Zichy Gyula         ","utca",,0,,0,
7625,"Zidina",,,0,,0,
7633,"Zipernovszky Károly ","utca",,0,,0,
7634,"Zodóföldi           ","út",,0,,0,
7624,"Zója                ","utca",,0,,0,
7622,"Zólyom              ","utca",,0,,0,
7627,"Zöldellő            ","utca",,0,,0,
7625,"Zöldfa              ","utca",,0,,0,
7631,"Zrinyi              ","puszta",,0,,0,
7621,"Zrínyi Miklós       ","utca",,0,,0,
7630,"Zsák                ","utca",,0,,0,
7634,"Zsebe               ","dűlő",,0,,0,
7634,"Zsebe-kúti          ","dűlő",,0,,0,
7634,"Zsebe-tető","utca",,0,,0,
7627,"Zsigmond            ","utca",,0,,0,
7622,"Zsinkó István       ","utca",,0,,0,
7622,"Zsolnay Vilmos      ","út",,2,,46,
7629,"Zsolnay Vilmos      ","út",,111,,119,
7629,"Zsolnay Vilmos      ","út",,96,,116,
7630,"Zsolnay Vilmos      ","út",,-3,,0,
7624,"Zsolt               ","utca",,0,,0,
7634,"Zsongorkő           ","utca",,0,,0,
7634,"Zsurló","dülő",,0,,0,
7632,"Zsuzsanna           ","utca",,0,,0,
7634,"Zurna","dülő",,0,,0,
